country,postal_code,latitude,longitude,source
United States,77095,29.8941,-95.6481,pgeocode 0.5.0 / GeoNames postal dataset
United States,60540,41.7662,-88.141,pgeocode 0.5.0 / GeoNames postal dataset
United States,19143,39.9448,-75.2288,pgeocode 0.5.0 / GeoNames postal dataset
United States,42420,37.8274,-87.5632,pgeocode 0.5.0 / GeoNames postal dataset
United States,30605,33.9321,-83.3525,pgeocode 0.5.0 / GeoNames postal dataset
United States,90049,34.066,-118.474,pgeocode 0.5.0 / GeoNames postal dataset
United States,77340,30.6448,-95.5798,pgeocode 0.5.0 / GeoNames postal dataset
United States,78041,27.5569,-99.4907,pgeocode 0.5.0 / GeoNames postal dataset
United States,22153,38.7449,-77.237,pgeocode 0.5.0 / GeoNames postal dataset
United States,19901,39.1564,-75.4955,pgeocode 0.5.0 / GeoNames postal dataset
United States,94109,37.7917,-122.4186,pgeocode 0.5.0 / GeoNames postal dataset
United States,29464,32.8473,-79.8206,pgeocode 0.5.0 / GeoNames postal dataset
United States,43055,40.0724,-82.4046,pgeocode 0.5.0 / GeoNames postal dataset
United States,71111,32.5449,-93.7038,pgeocode 0.5.0 / GeoNames postal dataset
United States,19140,40.0118,-75.1456,pgeocode 0.5.0 / GeoNames postal dataset
United States,30076,34.0213,-84.3104,pgeocode 0.5.0 / GeoNames postal dataset
United States,19134,39.9925,-75.1133,pgeocode 0.5.0 / GeoNames postal dataset
United States,97477,44.0611,-123.0153,pgeocode 0.5.0 / GeoNames postal dataset
United States,85254,33.6165,-111.9554,pgeocode 0.5.0 / GeoNames postal dataset
United States,72401,35.833,-90.6965,pgeocode 0.5.0 / GeoNames postal dataset
United States,48185,42.3358,-83.3846,pgeocode 0.5.0 / GeoNames postal dataset
United States,37167,35.9656,-86.5048,pgeocode 0.5.0 / GeoNames postal dataset
United States,33180,25.9597,-80.1403,pgeocode 0.5.0 / GeoNames postal dataset
United States,47905,40.4001,-86.8602,pgeocode 0.5.0 / GeoNames postal dataset
United States,89115,36.2158,-115.0671,pgeocode 0.5.0 / GeoNames postal dataset
United States,57701,44.1415,-103.2052,pgeocode 0.5.0 / GeoNames postal dataset
United States,22304,38.8149,-77.121,pgeocode 0.5.0 / GeoNames postal dataset
United States,92037,32.8455,-117.2521,pgeocode 0.5.0 / GeoNames postal dataset
United States,10024,40.7864,-73.9764,pgeocode 0.5.0 / GeoNames postal dataset
United States,48234,42.4337,-83.0434,pgeocode 0.5.0 / GeoNames postal dataset
United States,92691,33.6128,-117.6622,pgeocode 0.5.0 / GeoNames postal dataset
United States,54302,44.5025,-87.9771,pgeocode 0.5.0 / GeoNames postal dataset
United States,33710,27.7898,-82.7243,pgeocode 0.5.0 / GeoNames postal dataset
United States,98105,47.6633,-122.3022,pgeocode 0.5.0 / GeoNames postal dataset
United States,92025,33.1101,-117.07,pgeocode 0.5.0 / GeoNames postal dataset
United States,92024,33.0535,-117.2689,pgeocode 0.5.0 / GeoNames postal dataset
United States,60441,41.593,-88.0507,pgeocode 0.5.0 / GeoNames postal dataset
United States,23320,36.7352,-76.2384,pgeocode 0.5.0 / GeoNames postal dataset
United States,89031,36.2589,-115.1718,pgeocode 0.5.0 / GeoNames postal dataset
United States,65203,38.9348,-92.3639,pgeocode 0.5.0 / GeoNames postal dataset
United States,94521,37.9575,-121.975,pgeocode 0.5.0 / GeoNames postal dataset
United States,98103,47.6733,-122.3426,pgeocode 0.5.0 / GeoNames postal dataset
United States,75220,32.8681,-96.8622,pgeocode 0.5.0 / GeoNames postal dataset
United States,60653,41.8196,-87.6126,pgeocode 0.5.0 / GeoNames postal dataset
United States,79424,33.5159,-101.9344,pgeocode 0.5.0 / GeoNames postal dataset
United States,76017,32.6555,-97.1599,pgeocode 0.5.0 / GeoNames postal dataset
United States,47374,39.8324,-84.8936,pgeocode 0.5.0 / GeoNames postal dataset
United States,60098,42.3198,-88.4477,pgeocode 0.5.0 / GeoNames postal dataset
United States,92553,33.9157,-117.2351,pgeocode 0.5.0 / GeoNames postal dataset
United States,79907,31.7089,-106.3293,pgeocode 0.5.0 / GeoNames postal dataset
United States,97504,42.3363,-122.8398,pgeocode 0.5.0 / GeoNames postal dataset
United States,43229,40.0839,-82.9726,pgeocode 0.5.0 / GeoNames postal dataset
United States,60126,41.8927,-87.941,pgeocode 0.5.0 / GeoNames postal dataset
United States,98115,47.6849,-122.2968,pgeocode 0.5.0 / GeoNames postal dataset
United States,77036,29.6984,-95.5405,pgeocode 0.5.0 / GeoNames postal dataset
United States,10035,40.8011,-73.9371,pgeocode 0.5.0 / GeoNames postal dataset
United States,10009,40.7262,-73.9796,pgeocode 0.5.0 / GeoNames postal dataset
United States,19120,40.0343,-75.1213,pgeocode 0.5.0 / GeoNames postal dataset
United States,28403,34.2237,-77.8862,pgeocode 0.5.0 / GeoNames postal dataset
United States,33063,26.2674,-80.2092,pgeocode 0.5.0 / GeoNames postal dataset
United States,29203,34.0635,-81.0265,pgeocode 0.5.0 / GeoNames postal dataset
United States,10701,40.9461,-73.8669,pgeocode 0.5.0 / GeoNames postal dataset
United States,98198,47.3929,-122.3129,pgeocode 0.5.0 / GeoNames postal dataset
United States,80219,39.6956,-105.0341,pgeocode 0.5.0 / GeoNames postal dataset
United States,48073,42.519,-83.157,pgeocode 0.5.0 / GeoNames postal dataset
United States,40475,37.7546,-84.2955,pgeocode 0.5.0 / GeoNames postal dataset
United States,95661,38.7346,-121.234,pgeocode 0.5.0 / GeoNames postal dataset
United States,92646,33.6654,-117.9686,pgeocode 0.5.0 / GeoNames postal dataset
United States,84321,41.747,-111.8226,pgeocode 0.5.0 / GeoNames postal dataset
United States,32216,30.2787,-81.5831,pgeocode 0.5.0 / GeoNames postal dataset
United States,33614,28.0091,-82.5034,pgeocode 0.5.0 / GeoNames postal dataset
United States,27604,35.8334,-78.5799,pgeocode 0.5.0 / GeoNames postal dataset
United States,55044,44.6749,-93.2578,pgeocode 0.5.0 / GeoNames postal dataset
United States,39212,32.2435,-90.2612,pgeocode 0.5.0 / GeoNames postal dataset
United States,75217,32.7244,-96.6755,pgeocode 0.5.0 / GeoNames postal dataset
United States,94110,37.7509,-122.4153,pgeocode 0.5.0 / GeoNames postal dataset
United States,91505,34.169,-118.3442,pgeocode 0.5.0 / GeoNames postal dataset
United States,33801,28.0381,-81.9392,pgeocode 0.5.0 / GeoNames postal dataset
United States,37918,36.0501,-83.9226,pgeocode 0.5.0 / GeoNames postal dataset
United States,45011,39.4059,-84.5221,pgeocode 0.5.0 / GeoNames postal dataset
United States,28806,35.5808,-82.6078,pgeocode 0.5.0 / GeoNames postal dataset
United States,85705,32.2691,-110.9845,pgeocode 0.5.0 / GeoNames postal dataset
United States,46368,41.5672,-87.1757,pgeocode 0.5.0 / GeoNames postal dataset
United States,27405,36.1214,-79.7733,pgeocode 0.5.0 / GeoNames postal dataset
United States,33445,26.4564,-80.1054,pgeocode 0.5.0 / GeoNames postal dataset
United States,90036,34.0699,-118.3492,pgeocode 0.5.0 / GeoNames postal dataset
United States,93727,36.7528,-119.7061,pgeocode 0.5.0 / GeoNames postal dataset
United States,94122,37.7593,-122.4836,pgeocode 0.5.0 / GeoNames postal dataset
United States,91767,34.0812,-117.7362,pgeocode 0.5.0 / GeoNames postal dataset
United States,45503,39.9528,-83.7804,pgeocode 0.5.0 / GeoNames postal dataset
United States,50315,41.5444,-93.6192,pgeocode 0.5.0 / GeoNames postal dataset
United States,87105,35.0448,-106.6893,pgeocode 0.5.0 / GeoNames postal dataset
United States,75023,33.055,-96.7365,pgeocode 0.5.0 / GeoNames postal dataset
United States,78521,25.9221,-97.4612,pgeocode 0.5.0 / GeoNames postal dataset
United States,11561,40.5877,-73.6595,pgeocode 0.5.0 / GeoNames postal dataset
United States,55124,44.7497,-93.2029,pgeocode 0.5.0 / GeoNames postal dataset
United States,60610,41.9033,-87.6336,pgeocode 0.5.0 / GeoNames postal dataset
United States,94591,38.0985,-122.2124,pgeocode 0.5.0 / GeoNames postal dataset
United States,23464,36.7978,-76.1759,pgeocode 0.5.0 / GeoNames postal dataset
United States,90008,34.0116,-118.3411,pgeocode 0.5.0 / GeoNames postal dataset
United States,48205,42.4313,-82.9813,pgeocode 0.5.0 / GeoNames postal dataset
United States,70506,30.2077,-92.0656,pgeocode 0.5.0 / GeoNames postal dataset
United States,48127,42.3353,-83.2864,pgeocode 0.5.0 / GeoNames postal dataset
United States,62521,39.8395,-88.9465,pgeocode 0.5.0 / GeoNames postal dataset
United States,90004,34.0762,-118.3029,pgeocode 0.5.0 / GeoNames postal dataset
United States,17602,40.0335,-76.2844,pgeocode 0.5.0 / GeoNames postal dataset
United States,36608,30.6817,-88.2945,pgeocode 0.5.0 / GeoNames postal dataset
United States,30062,34.0025,-84.4633,pgeocode 0.5.0 / GeoNames postal dataset
United States,35601,34.5896,-86.9887,pgeocode 0.5.0 / GeoNames postal dataset
United States,43615,41.6492,-83.6706,pgeocode 0.5.0 / GeoNames postal dataset
United States,85301,33.5311,-112.1767,pgeocode 0.5.0 / GeoNames postal dataset
United States,85224,33.3301,-111.8632,pgeocode 0.5.0 / GeoNames postal dataset
United States,83501,46.3646,-116.8609,pgeocode 0.5.0 / GeoNames postal dataset
United States,59405,47.495,-111.2502,pgeocode 0.5.0 / GeoNames postal dataset
United States,78745,30.2063,-97.7956,pgeocode 0.5.0 / GeoNames postal dataset
United States,90278,33.8707,-118.3715,pgeocode 0.5.0 / GeoNames postal dataset
United States,95240,38.1222,-121.2555,pgeocode 0.5.0 / GeoNames postal dataset
United States,47401,39.1401,-86.5083,pgeocode 0.5.0 / GeoNames postal dataset
United States,21215,39.3446,-76.6794,pgeocode 0.5.0 / GeoNames postal dataset
United States,95123,37.2458,-121.8306,pgeocode 0.5.0 / GeoNames postal dataset
United States,22204,38.859,-77.0997,pgeocode 0.5.0 / GeoNames postal dataset
United States,90045,33.9631,-118.3941,pgeocode 0.5.0 / GeoNames postal dataset
United States,77070,29.9781,-95.5803,pgeocode 0.5.0 / GeoNames postal dataset
United States,12180,42.7287,-73.6683,pgeocode 0.5.0 / GeoNames postal dataset
United States,91776,34.089,-118.0955,pgeocode 0.5.0 / GeoNames postal dataset
United States,14701,42.0928,-79.244,pgeocode 0.5.0 / GeoNames postal dataset
United States,38109,35.0425,-90.0732,pgeocode 0.5.0 / GeoNames postal dataset
United States,70601,30.2285,-93.188,pgeocode 0.5.0 / GeoNames postal dataset
United States,14609,43.174,-77.5637,pgeocode 0.5.0 / GeoNames postal dataset
United States,40214,38.1593,-85.778,pgeocode 0.5.0 / GeoNames postal dataset
United States,54915,44.2425,-88.3564,pgeocode 0.5.0 / GeoNames postal dataset
United States,49201,42.2545,-84.3875,pgeocode 0.5.0 / GeoNames postal dataset
United States,78207,29.4229,-98.526,pgeocode 0.5.0 / GeoNames postal dataset
United States,61032,42.2991,-89.6345,pgeocode 0.5.0 / GeoNames postal dataset
United States,98031,47.388,-122.1932,pgeocode 0.5.0 / GeoNames postal dataset
United States,76106,32.7968,-97.356,pgeocode 0.5.0 / GeoNames postal dataset
United States,13601,43.9743,-75.9122,pgeocode 0.5.0 / GeoNames postal dataset
United States,53209,43.1188,-87.9478,pgeocode 0.5.0 / GeoNames postal dataset
United States,33012,25.8654,-80.3059,pgeocode 0.5.0 / GeoNames postal dataset
United States,84084,40.6254,-111.9677,pgeocode 0.5.0 / GeoNames postal dataset
United States,94601,37.7806,-122.2166,pgeocode 0.5.0 / GeoNames postal dataset
United States,54703,44.8346,-91.5159,pgeocode 0.5.0 / GeoNames postal dataset
United States,44312,41.0334,-81.4385,pgeocode 0.5.0 / GeoNames postal dataset
United States,44105,41.4509,-81.619,pgeocode 0.5.0 / GeoNames postal dataset
United States,48640,43.6376,-84.268,pgeocode 0.5.0 / GeoNames postal dataset
United States,78666,29.8754,-97.9404,pgeocode 0.5.0 / GeoNames postal dataset
United States,98006,47.5614,-122.1552,pgeocode 0.5.0 / GeoNames postal dataset
United States,60623,41.849,-87.7157,pgeocode 0.5.0 / GeoNames postal dataset
United States,84107,40.6568,-111.8904,pgeocode 0.5.0 / GeoNames postal dataset
United States,92105,32.7423,-117.0947,pgeocode 0.5.0 / GeoNames postal dataset
United States,60089,42.1598,-87.9644,pgeocode 0.5.0 / GeoNames postal dataset
United States,23223,37.5477,-77.3948,pgeocode 0.5.0 / GeoNames postal dataset
United States,72209,34.6725,-92.3529,pgeocode 0.5.0 / GeoNames postal dataset
United States,84057,40.3134,-111.6953,pgeocode 0.5.0 / GeoNames postal dataset
United States,60505,41.7582,-88.2971,pgeocode 0.5.0 / GeoNames postal dataset
United States,61604,40.7111,-89.6324,pgeocode 0.5.0 / GeoNames postal dataset
United States,37620,36.5686,-82.1819,pgeocode 0.5.0 / GeoNames postal dataset
United States,90032,34.0818,-118.1753,pgeocode 0.5.0 / GeoNames postal dataset
United States,22801,38.4489,-78.8714,pgeocode 0.5.0 / GeoNames postal dataset
United States,46544,41.6507,-86.1623,pgeocode 0.5.0 / GeoNames postal dataset
United States,11550,40.7049,-73.6176,pgeocode 0.5.0 / GeoNames postal dataset
United States,19711,39.7011,-75.7375,pgeocode 0.5.0 / GeoNames postal dataset
United States,73505,34.6179,-98.4552,pgeocode 0.5.0 / GeoNames postal dataset
United States,22980,38.0774,-78.9035,pgeocode 0.5.0 / GeoNames postal dataset
United States,81001,38.2879,-104.5848,pgeocode 0.5.0 / GeoNames postal dataset
United States,19013,39.8498,-75.3747,pgeocode 0.5.0 / GeoNames postal dataset
United States,85023,33.6324,-112.1118,pgeocode 0.5.0 / GeoNames postal dataset
United States,55407,44.9378,-93.2545,pgeocode 0.5.0 / GeoNames postal dataset
United States,80027,39.9789,-105.1456,pgeocode 0.5.0 / GeoNames postal dataset
United States,28027,35.4141,-80.6162,pgeocode 0.5.0 / GeoNames postal dataset
United States,97301,44.949,-123.004,pgeocode 0.5.0 / GeoNames postal dataset
United States,38671,34.9771,-89.9992,pgeocode 0.5.0 / GeoNames postal dataset
United States,45231,39.2418,-84.5437,pgeocode 0.5.0 / GeoNames postal dataset
United States,10011,40.7402,-73.9996,pgeocode 0.5.0 / GeoNames postal dataset
United States,32725,28.8989,-81.2473,pgeocode 0.5.0 / GeoNames postal dataset
United States,80013,39.6575,-104.7846,pgeocode 0.5.0 / GeoNames postal dataset
United States,32137,29.5565,-81.219,pgeocode 0.5.0 / GeoNames postal dataset
United States,92020,32.7928,-116.9665,pgeocode 0.5.0 / GeoNames postal dataset
United States,14215,42.9335,-78.8115,pgeocode 0.5.0 / GeoNames postal dataset
United States,14304,43.0908,-78.9644,pgeocode 0.5.0 / GeoNames postal dataset
United States,77573,29.5173,-95.0963,pgeocode 0.5.0 / GeoNames postal dataset
United States,57103,43.5374,-96.6864,pgeocode 0.5.0 / GeoNames postal dataset
United States,10801,40.9166,-73.7877,pgeocode 0.5.0 / GeoNames postal dataset
United States,92503,33.9208,-117.4589,pgeocode 0.5.0 / GeoNames postal dataset
United States,68104,41.2919,-95.9999,pgeocode 0.5.0 / GeoNames postal dataset
United States,30318,33.7865,-84.4454,pgeocode 0.5.0 / GeoNames postal dataset
United States,84020,40.5046,-111.881,pgeocode 0.5.0 / GeoNames postal dataset
United States,32712,28.712,-81.5136,pgeocode 0.5.0 / GeoNames postal dataset
United States,28205,35.22,-80.7881,pgeocode 0.5.0 / GeoNames postal dataset
United States,65807,37.1668,-93.3085,pgeocode 0.5.0 / GeoNames postal dataset
United States,84062,40.372,-111.7333,pgeocode 0.5.0 / GeoNames postal dataset
United States,77590,29.397,-94.9203,pgeocode 0.5.0 / GeoNames postal dataset
United States,48183,42.1382,-83.2179,pgeocode 0.5.0 / GeoNames postal dataset
United States,95687,38.3482,-121.9538,pgeocode 0.5.0 / GeoNames postal dataset
United States,30188,34.106,-84.5117,pgeocode 0.5.0 / GeoNames postal dataset
United States,33021,26.0218,-80.1891,pgeocode 0.5.0 / GeoNames postal dataset
United States,75081,32.9462,-96.7058,pgeocode 0.5.0 / GeoNames postal dataset
United States,31907,32.4779,-84.898,pgeocode 0.5.0 / GeoNames postal dataset
United States,23666,37.0462,-76.4096,pgeocode 0.5.0 / GeoNames postal dataset
United States,44107,41.4847,-81.8018,pgeocode 0.5.0 / GeoNames postal dataset
United States,63301,38.8014,-90.5065,pgeocode 0.5.0 / GeoNames postal dataset
United States,33161,25.8934,-80.1758,pgeocode 0.5.0 / GeoNames postal dataset
United States,49505,43.012,-85.6309,pgeocode 0.5.0 / GeoNames postal dataset
United States,11572,40.6362,-73.6375,pgeocode 0.5.0 / GeoNames postal dataset
United States,59102,45.7813,-108.5727,pgeocode 0.5.0 / GeoNames postal dataset
United States,42301,37.7513,-87.1554,pgeocode 0.5.0 / GeoNames postal dataset
United States,33178,25.8141,-80.3549,pgeocode 0.5.0 / GeoNames postal dataset
United States,87505,35.6219,-105.8688,pgeocode 0.5.0 / GeoNames postal dataset
United States,72701,36.052,-94.1534,pgeocode 0.5.0 / GeoNames postal dataset
United States,43402,41.3815,-83.6507,pgeocode 0.5.0 / GeoNames postal dataset
United States,74133,36.0467,-95.8841,pgeocode 0.5.0 / GeoNames postal dataset
United States,60543,41.6849,-88.3453,pgeocode 0.5.0 / GeoNames postal dataset
United States,95051,37.3483,-121.9844,pgeocode 0.5.0 / GeoNames postal dataset
United States,99301,46.2492,-119.1044,pgeocode 0.5.0 / GeoNames postal dataset
United States,75701,32.3254,-95.2922,pgeocode 0.5.0 / GeoNames postal dataset
United States,31204,32.8424,-83.6766,pgeocode 0.5.0 / GeoNames postal dataset
United States,43130,39.7187,-82.6031,pgeocode 0.5.0 / GeoNames postal dataset
United States,48227,42.3883,-83.1937,pgeocode 0.5.0 / GeoNames postal dataset
United States,27834,35.6192,-77.3975,pgeocode 0.5.0 / GeoNames postal dataset
United States,97030,45.5154,-122.4203,pgeocode 0.5.0 / GeoNames postal dataset
United States,93030,34.2141,-119.175,pgeocode 0.5.0 / GeoNames postal dataset
United States,66062,38.8733,-94.7752,pgeocode 0.5.0 / GeoNames postal dataset
United States,27511,35.7641,-78.7786,pgeocode 0.5.0 / GeoNames postal dataset
United States,45014,39.3266,-84.5479,pgeocode 0.5.0 / GeoNames postal dataset
United States,79762,31.889,-102.3548,pgeocode 0.5.0 / GeoNames postal dataset
United States,85281,33.4227,-111.9261,pgeocode 0.5.0 / GeoNames postal dataset
United States,78415,27.7262,-97.4078,pgeocode 0.5.0 / GeoNames postal dataset
United States,91911,32.6084,-117.0565,pgeocode 0.5.0 / GeoNames postal dataset
United States,90805,33.8635,-118.1801,pgeocode 0.5.0 / GeoNames postal dataset
United States,21044,39.2141,-76.8788,pgeocode 0.5.0 / GeoNames postal dataset
United States,61701,40.4783,-88.9893,pgeocode 0.5.0 / GeoNames postal dataset
United States,75043,32.8565,-96.5999,pgeocode 0.5.0 / GeoNames postal dataset
United States,33433,26.3464,-80.1564,pgeocode 0.5.0 / GeoNames postal dataset
United States,77041,29.8602,-95.5817,pgeocode 0.5.0 / GeoNames postal dataset
United States,75150,32.8154,-96.6307,pgeocode 0.5.0 / GeoNames postal dataset
United States,28314,35.0583,-79.008,pgeocode 0.5.0 / GeoNames postal dataset
United States,37042,36.5853,-87.4186,pgeocode 0.5.0 / GeoNames postal dataset
United States,33437,26.5312,-80.1418,pgeocode 0.5.0 / GeoNames postal dataset
United States,89502,39.4972,-119.7764,pgeocode 0.5.0 / GeoNames postal dataset
United States,60201,42.0546,-87.6943,pgeocode 0.5.0 / GeoNames postal dataset
United States,27707,35.9631,-78.9315,pgeocode 0.5.0 / GeoNames postal dataset
United States,46203,39.743,-86.1179,pgeocode 0.5.0 / GeoNames postal dataset
United States,28540,34.7375,-77.4628,pgeocode 0.5.0 / GeoNames postal dataset
United States,95336,37.8134,-121.2132,pgeocode 0.5.0 / GeoNames postal dataset
United States,91104,34.1678,-118.1261,pgeocode 0.5.0 / GeoNames postal dataset
United States,98026,47.8353,-122.327,pgeocode 0.5.0 / GeoNames postal dataset
United States,10550,40.9079,-73.838,pgeocode 0.5.0 / GeoNames postal dataset
United States,44134,41.3853,-81.7044,pgeocode 0.5.0 / GeoNames postal dataset
United States,77705,30.0211,-94.1157,pgeocode 0.5.0 / GeoNames postal dataset
United States,36116,32.3129,-86.2421,pgeocode 0.5.0 / GeoNames postal dataset
United States,71854,33.431,-93.8765,pgeocode 0.5.0 / GeoNames postal dataset
United States,90712,33.8512,-118.1457,pgeocode 0.5.0 / GeoNames postal dataset
United States,23602,37.1132,-76.5179,pgeocode 0.5.0 / GeoNames postal dataset
United States,91730,34.107,-117.5941,pgeocode 0.5.0 / GeoNames postal dataset
United States,29730,34.9151,-81.0129,pgeocode 0.5.0 / GeoNames postal dataset
United States,33311,26.1421,-80.1728,pgeocode 0.5.0 / GeoNames postal dataset
United States,67846,37.9769,-100.8621,pgeocode 0.5.0 / GeoNames postal dataset
United States,47201,39.2055,-85.9317,pgeocode 0.5.0 / GeoNames postal dataset
United States,44052,41.4578,-82.171,pgeocode 0.5.0 / GeoNames postal dataset
United States,85323,33.4321,-112.3438,pgeocode 0.5.0 / GeoNames postal dataset
United States,45040,39.3357,-84.3149,pgeocode 0.5.0 / GeoNames postal dataset
United States,97206,45.484,-122.5973,pgeocode 0.5.0 / GeoNames postal dataset
United States,44256,41.1404,-81.8584,pgeocode 0.5.0 / GeoNames postal dataset
United States,75061,32.8267,-96.9633,pgeocode 0.5.0 / GeoNames postal dataset
United States,37211,36.0725,-86.724,pgeocode 0.5.0 / GeoNames postal dataset
United States,54401,44.9654,-89.7066,pgeocode 0.5.0 / GeoNames postal dataset
United States,96003,40.6278,-122.353,pgeocode 0.5.0 / GeoNames postal dataset
United States,19601,40.3466,-75.9351,pgeocode 0.5.0 / GeoNames postal dataset
United States,53711,43.0356,-89.4526,pgeocode 0.5.0 / GeoNames postal dataset
United States,75007,33.0033,-96.882,pgeocode 0.5.0 / GeoNames postal dataset
United States,77506,29.7009,-95.1989,pgeocode 0.5.0 / GeoNames postal dataset
United States,37604,36.3107,-82.381,pgeocode 0.5.0 / GeoNames postal dataset
United States,66502,39.1938,-96.5858,pgeocode 0.5.0 / GeoNames postal dataset
United States,56560,46.8677,-96.7572,pgeocode 0.5.0 / GeoNames postal dataset
United States,75104,32.5885,-96.9438,pgeocode 0.5.0 / GeoNames postal dataset
United States,60016,42.0467,-87.8859,pgeocode 0.5.0 / GeoNames postal dataset
United States,53132,42.9017,-88.0086,pgeocode 0.5.0 / GeoNames postal dataset
United States,84604,40.2607,-111.6549,pgeocode 0.5.0 / GeoNames postal dataset
United States,19805,39.7434,-75.5827,pgeocode 0.5.0 / GeoNames postal dataset
United States,84106,40.7056,-111.8548,pgeocode 0.5.0 / GeoNames postal dataset
United States,55433,45.1643,-93.3193,pgeocode 0.5.0 / GeoNames postal dataset
United States,71203,32.553,-92.0422,pgeocode 0.5.0 / GeoNames postal dataset
United States,60440,41.6976,-88.0873,pgeocode 0.5.0 / GeoNames postal dataset
United States,95823,38.4797,-121.4438,pgeocode 0.5.0 / GeoNames postal dataset
United States,63116,38.5814,-90.2625,pgeocode 0.5.0 / GeoNames postal dataset
United States,94513,37.9324,-121.6894,pgeocode 0.5.0 / GeoNames postal dataset
United States,13501,43.0871,-75.2315,pgeocode 0.5.0 / GeoNames postal dataset
United States,97224,45.4094,-122.8014,pgeocode 0.5.0 / GeoNames postal dataset
United States,11520,40.6536,-73.5866,pgeocode 0.5.0 / GeoNames postal dataset
United States,60076,42.0362,-87.7328,pgeocode 0.5.0 / GeoNames postal dataset
United States,32839,28.4871,-81.4082,pgeocode 0.5.0 / GeoNames postal dataset
United States,20735,38.7549,-76.9026,pgeocode 0.5.0 / GeoNames postal dataset
United States,30328,33.9335,-84.3958,pgeocode 0.5.0 / GeoNames postal dataset
United States,73120,35.5835,-97.5638,pgeocode 0.5.0 / GeoNames postal dataset
United States,85234,33.3527,-111.7809,pgeocode 0.5.0 / GeoNames postal dataset
United States,98502,47.1043,-123.0552,pgeocode 0.5.0 / GeoNames postal dataset
United States,85204,33.3992,-111.7896,pgeocode 0.5.0 / GeoNames postal dataset
United States,83605,43.6627,-116.7,pgeocode 0.5.0 / GeoNames postal dataset
United States,43302,40.5876,-83.1271,pgeocode 0.5.0 / GeoNames postal dataset
United States,35630,34.8305,-87.656,pgeocode 0.5.0 / GeoNames postal dataset
United States,38401,35.6156,-87.038,pgeocode 0.5.0 / GeoNames postal dataset
United States,75051,32.7115,-97.0069,pgeocode 0.5.0 / GeoNames postal dataset
United States,80229,39.8671,-104.9227,pgeocode 0.5.0 / GeoNames postal dataset
United States,77642,29.9212,-93.927,pgeocode 0.5.0 / GeoNames postal dataset
United States,80906,38.7902,-104.8199,pgeocode 0.5.0 / GeoNames postal dataset
United States,92804,33.8186,-117.9729,pgeocode 0.5.0 / GeoNames postal dataset
United States,60174,41.9194,-88.307,pgeocode 0.5.0 / GeoNames postal dataset
United States,44240,41.1449,-81.3498,pgeocode 0.5.0 / GeoNames postal dataset
United States,55016,44.8308,-92.9393,pgeocode 0.5.0 / GeoNames postal dataset
United States,48180,42.2317,-83.2673,pgeocode 0.5.0 / GeoNames postal dataset
United States,77520,29.7461,-94.9653,pgeocode 0.5.0 / GeoNames postal dataset
United States,55125,44.9197,-92.9439,pgeocode 0.5.0 / GeoNames postal dataset
United States,60068,42.0122,-87.8417,pgeocode 0.5.0 / GeoNames postal dataset
United States,38134,35.1845,-89.8574,pgeocode 0.5.0 / GeoNames postal dataset
United States,59715,45.6693,-111.0431,pgeocode 0.5.0 / GeoNames postal dataset
United States,33407,26.7492,-80.0725,pgeocode 0.5.0 / GeoNames postal dataset
United States,13440,43.2193,-75.4498,pgeocode 0.5.0 / GeoNames postal dataset
United States,23434,36.7304,-76.5931,pgeocode 0.5.0 / GeoNames postal dataset
United States,53142,42.556,-87.8705,pgeocode 0.5.0 / GeoNames postal dataset
United States,71901,34.5268,-92.9587,pgeocode 0.5.0 / GeoNames postal dataset
United States,88001,32.2901,-106.7539,pgeocode 0.5.0 / GeoNames postal dataset
United States,48310,42.5648,-83.0701,pgeocode 0.5.0 / GeoNames postal dataset
United States,16602,40.5052,-78.3905,pgeocode 0.5.0 / GeoNames postal dataset
United States,75019,32.9673,-96.9805,pgeocode 0.5.0 / GeoNames postal dataset
United States,18018,40.6278,-75.3928,pgeocode 0.5.0 / GeoNames postal dataset
United States,47362,39.9208,-85.3663,pgeocode 0.5.0 / GeoNames postal dataset
United States,33317,26.1122,-80.2264,pgeocode 0.5.0 / GeoNames postal dataset
United States,95928,39.7224,-121.8113,pgeocode 0.5.0 / GeoNames postal dataset
United States,84043,40.3958,-111.8506,pgeocode 0.5.0 / GeoNames postal dataset
United States,36830,32.5475,-85.4682,pgeocode 0.5.0 / GeoNames postal dataset
United States,92404,34.1426,-117.2606,pgeocode 0.5.0 / GeoNames postal dataset
United States,93534,34.6909,-118.1491,pgeocode 0.5.0 / GeoNames postal dataset
United States,35810,34.7784,-86.6091,pgeocode 0.5.0 / GeoNames postal dataset
United States,91360,34.2092,-118.8739,pgeocode 0.5.0 / GeoNames postal dataset
United States,29501,34.1838,-79.7728,pgeocode 0.5.0 / GeoNames postal dataset
United States,98042,47.368,-122.1206,pgeocode 0.5.0 / GeoNames postal dataset
United States,33065,26.2729,-80.2603,pgeocode 0.5.0 / GeoNames postal dataset
United States,33142,25.813,-80.232,pgeocode 0.5.0 / GeoNames postal dataset
United States,61761,40.5124,-88.9883,pgeocode 0.5.0 / GeoNames postal dataset
United States,48911,42.6797,-84.5772,pgeocode 0.5.0 / GeoNames postal dataset
United States,99207,47.6977,-117.3746,pgeocode 0.5.0 / GeoNames postal dataset
United States,68701,42.0329,-97.4229,pgeocode 0.5.0 / GeoNames postal dataset
United States,87401,36.7412,-108.1797,pgeocode 0.5.0 / GeoNames postal dataset
United States,78501,26.2154,-98.2359,pgeocode 0.5.0 / GeoNames postal dataset
United States,47150,38.3089,-85.8221,pgeocode 0.5.0 / GeoNames postal dataset
United States,93454,34.9545,-120.4325,pgeocode 0.5.0 / GeoNames postal dataset
United States,32114,29.2012,-81.0371,pgeocode 0.5.0 / GeoNames postal dataset
United States,20016,38.9381,-77.086,pgeocode 0.5.0 / GeoNames postal dataset
United States,45373,40.0374,-84.2032,pgeocode 0.5.0 / GeoNames postal dataset
United States,60477,41.5825,-87.805,pgeocode 0.5.0 / GeoNames postal dataset
United States,75002,33.0934,-96.6454,pgeocode 0.5.0 / GeoNames postal dataset
United States,44221,41.1401,-81.479,pgeocode 0.5.0 / GeoNames postal dataset
United States,93010,34.2313,-119.0464,pgeocode 0.5.0 / GeoNames postal dataset
United States,27893,35.727,-77.9227,pgeocode 0.5.0 / GeoNames postal dataset
United States,60423,41.5094,-87.8248,pgeocode 0.5.0 / GeoNames postal dataset
United States,67212,37.7007,-97.4383,pgeocode 0.5.0 / GeoNames postal dataset
United States,76117,32.8087,-97.2709,pgeocode 0.5.0 / GeoNames postal dataset
United States,83201,42.8876,-112.4381,pgeocode 0.5.0 / GeoNames postal dataset
United States,85345,33.5761,-112.2344,pgeocode 0.5.0 / GeoNames postal dataset
United States,84041,41.0879,-111.9704,pgeocode 0.5.0 / GeoNames postal dataset
United States,30344,33.6919,-84.448,pgeocode 0.5.0 / GeoNames postal dataset
United States,30080,33.8796,-84.5023,pgeocode 0.5.0 / GeoNames postal dataset
United States,60188,41.9178,-88.137,pgeocode 0.5.0 / GeoNames postal dataset
United States,79109,35.1663,-101.8868,pgeocode 0.5.0 / GeoNames postal dataset
United States,93309,35.3384,-119.0627,pgeocode 0.5.0 / GeoNames postal dataset
United States,34952,27.2889,-80.298,pgeocode 0.5.0 / GeoNames postal dataset
United States,60035,42.1794,-87.8059,pgeocode 0.5.0 / GeoNames postal dataset
United States,46614,41.6255,-86.2433,pgeocode 0.5.0 / GeoNames postal dataset
United States,39401,31.3146,-89.3065,pgeocode 0.5.0 / GeoNames postal dataset
United States,63122,38.5781,-90.4256,pgeocode 0.5.0 / GeoNames postal dataset
United States,83704,43.633,-116.2951,pgeocode 0.5.0 / GeoNames postal dataset
United States,97756,44.2767,-121.1896,pgeocode 0.5.0 / GeoNames postal dataset
United States,55122,44.786,-93.2202,pgeocode 0.5.0 / GeoNames postal dataset
United States,92399,34.0282,-117.0489,pgeocode 0.5.0 / GeoNames postal dataset
United States,41042,38.9941,-84.642,pgeocode 0.5.0 / GeoNames postal dataset
United States,18103,40.5891,-75.4645,pgeocode 0.5.0 / GeoNames postal dataset
United States,92563,33.569,-117.1783,pgeocode 0.5.0 / GeoNames postal dataset
United States,76021,32.8536,-97.1358,pgeocode 0.5.0 / GeoNames postal dataset
United States,49423,42.7692,-86.1164,pgeocode 0.5.0 / GeoNames postal dataset
United States,22901,38.0936,-78.5611,pgeocode 0.5.0 / GeoNames postal dataset
United States,55901,44.0496,-92.4896,pgeocode 0.5.0 / GeoNames postal dataset
United States,33319,26.1848,-80.2406,pgeocode 0.5.0 / GeoNames postal dataset
United States,92253,33.6685,-116.3081,pgeocode 0.5.0 / GeoNames postal dataset
United States,92374,34.065,-117.1672,pgeocode 0.5.0 / GeoNames postal dataset
United States,13021,42.93,-76.5626,pgeocode 0.5.0 / GeoNames postal dataset
United States,29406,32.9352,-80.0325,pgeocode 0.5.0 / GeoNames postal dataset
United States,48146,42.2422,-83.1807,pgeocode 0.5.0 / GeoNames postal dataset
United States,92054,33.2072,-117.3573,pgeocode 0.5.0 / GeoNames postal dataset
United States,37064,35.9328,-86.8788,pgeocode 0.5.0 / GeoNames postal dataset
United States,52001,42.515,-90.6819,pgeocode 0.5.0 / GeoNames postal dataset
United States,74012,36.0447,-95.8079,pgeocode 0.5.0 / GeoNames postal dataset
United States,61107,42.2786,-89.0361,pgeocode 0.5.0 / GeoNames postal dataset
United States,37130,35.8456,-86.3903,pgeocode 0.5.0 / GeoNames postal dataset
United States,62301,39.9307,-91.3763,pgeocode 0.5.0 / GeoNames postal dataset
United States,97123,45.4984,-122.957,pgeocode 0.5.0 / GeoNames postal dataset
United States,20852,39.0496,-77.1204,pgeocode 0.5.0 / GeoNames postal dataset
United States,31088,32.5934,-83.6416,pgeocode 0.5.0 / GeoNames postal dataset
United States,48104,42.2694,-83.7282,pgeocode 0.5.0 / GeoNames postal dataset
United States,93101,34.4197,-119.7078,pgeocode 0.5.0 / GeoNames postal dataset
United States,46060,40.0563,-86.0163,pgeocode 0.5.0 / GeoNames postal dataset
United States,48858,43.6013,-84.7736,pgeocode 0.5.0 / GeoNames postal dataset
United States,60462,41.6194,-87.8423,pgeocode 0.5.0 / GeoNames postal dataset
United States,89431,39.5473,-119.7556,pgeocode 0.5.0 / GeoNames postal dataset
United States,93905,36.6811,-121.6176,pgeocode 0.5.0 / GeoNames postal dataset
United States,72032,35.0842,-92.4236,pgeocode 0.5.0 / GeoNames postal dataset
United States,28110,35.0178,-80.5372,pgeocode 0.5.0 / GeoNames postal dataset
United States,46226,39.8326,-86.0836,pgeocode 0.5.0 / GeoNames postal dataset
United States,55113,45.0139,-93.1571,pgeocode 0.5.0 / GeoNames postal dataset
United States,59601,46.6131,-112.0213,pgeocode 0.5.0 / GeoNames postal dataset
United States,37087,36.2098,-86.3024,pgeocode 0.5.0 / GeoNames postal dataset
United States,87124,35.2493,-106.6818,pgeocode 0.5.0 / GeoNames postal dataset
United States,75034,33.1499,-96.8241,pgeocode 0.5.0 / GeoNames postal dataset
United States,38301,35.6102,-88.814,pgeocode 0.5.0 / GeoNames postal dataset
United States,92530,33.6598,-117.3485,pgeocode 0.5.0 / GeoNames postal dataset
United States,33024,26.0296,-80.2489,pgeocode 0.5.0 / GeoNames postal dataset
United States,61821,40.1073,-88.2788,pgeocode 0.5.0 / GeoNames postal dataset
United States,48126,42.3349,-83.1801,pgeocode 0.5.0 / GeoNames postal dataset
United States,92704,33.7249,-117.909,pgeocode 0.5.0 / GeoNames postal dataset
United States,32303,30.4874,-84.3189,pgeocode 0.5.0 / GeoNames postal dataset
United States,92592,33.4983,-117.0958,pgeocode 0.5.0 / GeoNames postal dataset
United States,92627,33.6483,-117.9155,pgeocode 0.5.0 / GeoNames postal dataset
United States,60025,42.0758,-87.8223,pgeocode 0.5.0 / GeoNames postal dataset
United States,86442,35.106,-114.5947,pgeocode 0.5.0 / GeoNames postal dataset
United States,11757,40.6884,-73.3745,pgeocode 0.5.0 / GeoNames postal dataset
United States,54880,46.7016,-92.0912,pgeocode 0.5.0 / GeoNames postal dataset
United States,43017,40.1093,-83.1146,pgeocode 0.5.0 / GeoNames postal dataset
United States,93277,36.3114,-119.3065,pgeocode 0.5.0 / GeoNames postal dataset
United States,59801,46.8563,-114.0252,pgeocode 0.5.0 / GeoNames postal dataset
United States,20877,39.1419,-77.189,pgeocode 0.5.0 / GeoNames postal dataset
United States,98632,46.1514,-122.9634,pgeocode 0.5.0 / GeoNames postal dataset
United States,39503,30.4601,-89.0886,pgeocode 0.5.0 / GeoNames postal dataset
United States,85635,31.5365,-110.2666,pgeocode 0.5.0 / GeoNames postal dataset
United States,37421,35.025,-85.1459,pgeocode 0.5.0 / GeoNames postal dataset
United States,54601,43.7989,-91.2175,pgeocode 0.5.0 / GeoNames postal dataset
United States,78664,30.5145,-97.668,pgeocode 0.5.0 / GeoNames postal dataset
United States,78550,26.1951,-97.689,pgeocode 0.5.0 / GeoNames postal dataset
United States,94061,37.4647,-122.2304,pgeocode 0.5.0 / GeoNames postal dataset
United States,77803,30.6913,-96.3714,pgeocode 0.5.0 / GeoNames postal dataset
United States,80122,39.5814,-104.9557,pgeocode 0.5.0 / GeoNames postal dataset
United States,63376,38.7802,-90.6228,pgeocode 0.5.0 / GeoNames postal dataset
United States,73071,35.233,-97.4067,pgeocode 0.5.0 / GeoNames postal dataset
United States,76051,32.9328,-97.0808,pgeocode 0.5.0 / GeoNames postal dataset
United States,28052,35.2449,-81.2194,pgeocode 0.5.0 / GeoNames postal dataset
United States,65109,38.5773,-92.2443,pgeocode 0.5.0 / GeoNames postal dataset
United States,92672,33.4361,-117.6231,pgeocode 0.5.0 / GeoNames postal dataset
United States,92345,34.4222,-117.3025,pgeocode 0.5.0 / GeoNames postal dataset
United States,89015,36.0357,-114.9718,pgeocode 0.5.0 / GeoNames postal dataset
United States,24153,37.2853,-80.0692,pgeocode 0.5.0 / GeoNames postal dataset
United States,85364,32.7015,-114.6424,pgeocode 0.5.0 / GeoNames postal dataset
United States,80134,39.4895,-104.8447,pgeocode 0.5.0 / GeoNames postal dataset
United States,80501,40.1779,-105.1009,pgeocode 0.5.0 / GeoNames postal dataset
United States,17403,39.9494,-76.713,pgeocode 0.5.0 / GeoNames postal dataset
United States,48066,42.5034,-82.9387,pgeocode 0.5.0 / GeoNames postal dataset
United States,80020,39.9245,-105.0609,pgeocode 0.5.0 / GeoNames postal dataset
United States,42104,36.9375,-86.4481,pgeocode 0.5.0 / GeoNames postal dataset
United States,32503,30.4564,-87.2104,pgeocode 0.5.0 / GeoNames postal dataset
United States,37075,36.3054,-86.6072,pgeocode 0.5.0 / GeoNames postal dataset
United States,53214,43.0215,-88.0176,pgeocode 0.5.0 / GeoNames postal dataset
United States,70065,30.0252,-90.2522,pgeocode 0.5.0 / GeoNames postal dataset
United States,95616,38.5538,-121.7418,pgeocode 0.5.0 / GeoNames postal dataset
United States,78539,26.2792,-98.1832,pgeocode 0.5.0 / GeoNames postal dataset
United States,80525,40.5384,-105.0547,pgeocode 0.5.0 / GeoNames postal dataset
United States,78577,26.1771,-98.187,pgeocode 0.5.0 / GeoNames postal dataset
United States,53081,43.741,-87.7247,pgeocode 0.5.0 / GeoNames postal dataset
United States,80112,39.5805,-104.9011,pgeocode 0.5.0 / GeoNames postal dataset
United States,76706,31.5171,-97.1198,pgeocode 0.5.0 / GeoNames postal dataset
United States,53186,42.9993,-88.2196,pgeocode 0.5.0 / GeoNames postal dataset
United States,40324,38.2117,-84.5562,pgeocode 0.5.0 / GeoNames postal dataset
United States,52402,42.0188,-91.6612,pgeocode 0.5.0 / GeoNames postal dataset
United States,55106,44.9684,-93.0488,pgeocode 0.5.0 / GeoNames postal dataset
United States,27360,35.8713,-80.0913,pgeocode 0.5.0 / GeoNames postal dataset
United States,60090,42.134,-87.9341,pgeocode 0.5.0 / GeoNames postal dataset
United States,95207,38.0024,-121.3238,pgeocode 0.5.0 / GeoNames postal dataset
United States,80004,39.8141,-105.1177,pgeocode 0.5.0 / GeoNames postal dataset
United States,83301,42.5565,-114.4693,pgeocode 0.5.0 / GeoNames postal dataset
United States,92677,33.5145,-117.7084,pgeocode 0.5.0 / GeoNames postal dataset
United States,98052,47.6718,-122.1232,pgeocode 0.5.0 / GeoNames postal dataset
United States,95695,38.6816,-121.8052,pgeocode 0.5.0 / GeoNames postal dataset
United States,52240,41.6355,-91.5016,pgeocode 0.5.0 / GeoNames postal dataset
United States,46350,41.5994,-86.7077,pgeocode 0.5.0 / GeoNames postal dataset
United States,92630,33.6437,-117.6868,pgeocode 0.5.0 / GeoNames postal dataset
United States,33134,25.768,-80.2714,pgeocode 0.5.0 / GeoNames postal dataset
United States,75056,33.094,-96.8836,pgeocode 0.5.0 / GeoNames postal dataset
United States,98270,48.0656,-122.1562,pgeocode 0.5.0 / GeoNames postal dataset
United States,77571,29.6884,-95.0513,pgeocode 0.5.0 / GeoNames postal dataset
United States,93405,35.2901,-120.6817,pgeocode 0.5.0 / GeoNames postal dataset
United States,77301,30.3125,-95.4527,pgeocode 0.5.0 / GeoNames postal dataset
United States,50322,41.6295,-93.723,pgeocode 0.5.0 / GeoNames postal dataset
United States,97405,44.0185,-123.0998,pgeocode 0.5.0 / GeoNames postal dataset
United States,82001,41.1437,-104.7962,pgeocode 0.5.0 / GeoNames postal dataset
United States,60004,42.112,-87.9792,pgeocode 0.5.0 / GeoNames postal dataset
United States,98002,47.305,-122.2067,pgeocode 0.5.0 / GeoNames postal dataset
United States,98661,45.6418,-122.6251,pgeocode 0.5.0 / GeoNames postal dataset
United States,27217,36.1288,-79.4114,pgeocode 0.5.0 / GeoNames postal dataset
United States,88220,32.4119,-104.2395,pgeocode 0.5.0 / GeoNames postal dataset
United States,73034,35.6665,-97.4798,pgeocode 0.5.0 / GeoNames postal dataset
United States,90640,34.0133,-118.113,pgeocode 0.5.0 / GeoNames postal dataset
United States,66212,38.9568,-94.6832,pgeocode 0.5.0 / GeoNames postal dataset
United States,28601,35.7576,-81.3289,pgeocode 0.5.0 / GeoNames postal dataset
United States,76903,31.4707,-100.4386,pgeocode 0.5.0 / GeoNames postal dataset
United States,52302,42.0411,-91.5941,pgeocode 0.5.0 / GeoNames postal dataset
United States,95037,37.1353,-121.6501,pgeocode 0.5.0 / GeoNames postal dataset
United States,42071,36.6099,-88.3032,pgeocode 0.5.0 / GeoNames postal dataset
United States,94509,37.9939,-121.8089,pgeocode 0.5.0 / GeoNames postal dataset
United States,75080,32.966,-96.7452,pgeocode 0.5.0 / GeoNames postal dataset
United States,68025,41.4416,-96.4945,pgeocode 0.5.0 / GeoNames postal dataset
United States,46142,39.6224,-86.149,pgeocode 0.5.0 / GeoNames postal dataset
United States,33030,25.4766,-80.4839,pgeocode 0.5.0 / GeoNames postal dataset
United States,90503,33.8397,-118.3542,pgeocode 0.5.0 / GeoNames postal dataset
United States,92307,34.5291,-117.2132,pgeocode 0.5.0 / GeoNames postal dataset
United States,27534,35.3664,-77.9221,pgeocode 0.5.0 / GeoNames postal dataset
United States,77536,29.6826,-95.1222,pgeocode 0.5.0 / GeoNames postal dataset
United States,35401,33.1969,-87.5627,pgeocode 0.5.0 / GeoNames postal dataset
United States,32174,29.2833,-81.0882,pgeocode 0.5.0 / GeoNames postal dataset
United States,76248,32.9276,-97.2489,pgeocode 0.5.0 / GeoNames postal dataset
United States,35244,33.3538,-86.8254,pgeocode 0.5.0 / GeoNames postal dataset
United States,74403,35.7411,-95.3449,pgeocode 0.5.0 / GeoNames postal dataset
United States,72756,36.3363,-94.1148,pgeocode 0.5.0 / GeoNames postal dataset
United States,33068,26.216,-80.2205,pgeocode 0.5.0 / GeoNames postal dataset
United States,94533,38.2671,-122.0357,pgeocode 0.5.0 / GeoNames postal dataset
United States,48237,42.4662,-83.184,pgeocode 0.5.0 / GeoNames postal dataset
United States,80634,40.4109,-104.7541,pgeocode 0.5.0 / GeoNames postal dataset
United States,34741,28.3051,-81.4242,pgeocode 0.5.0 / GeoNames postal dataset
United States,32771,28.8013,-81.285,pgeocode 0.5.0 / GeoNames postal dataset
United States,61832,40.137,-87.6217,pgeocode 0.5.0 / GeoNames postal dataset
United States,92683,33.7524,-117.9939,pgeocode 0.5.0 / GeoNames postal dataset
United States,76063,32.5773,-97.1416,pgeocode 0.5.0 / GeoNames postal dataset
United States,58103,46.8564,-96.8123,pgeocode 0.5.0 / GeoNames postal dataset
United States,20707,39.1077,-76.872,pgeocode 0.5.0 / GeoNames postal dataset
United States,98226,48.7974,-122.4448,pgeocode 0.5.0 / GeoNames postal dataset
United States,77489,29.5962,-95.5115,pgeocode 0.5.0 / GeoNames postal dataset
United States,77581,29.5617,-95.2721,pgeocode 0.5.0 / GeoNames postal dataset
United States,48307,42.6593,-83.1225,pgeocode 0.5.0 / GeoNames postal dataset
United States,55369,45.1284,-93.4589,pgeocode 0.5.0 / GeoNames postal dataset
United States,27514,35.9203,-79.0372,pgeocode 0.5.0 / GeoNames postal dataset
United States,80022,39.8259,-104.9113,pgeocode 0.5.0 / GeoNames postal dataset
United States,26003,40.1027,-80.6476,pgeocode 0.5.0 / GeoNames postal dataset
United States,95610,38.6946,-121.2692,pgeocode 0.5.0 / GeoNames postal dataset
United States,90660,33.9886,-118.0883,pgeocode 0.5.0 / GeoNames postal dataset
United States,94403,37.5395,-122.2998,pgeocode 0.5.0 / GeoNames postal dataset
United States,50701,42.4778,-92.3661,pgeocode 0.5.0 / GeoNames postal dataset
United States,46514,41.7101,-85.9729,pgeocode 0.5.0 / GeoNames postal dataset
United States,80538,40.4262,-105.09,pgeocode 0.5.0 / GeoNames postal dataset
United States,90301,33.955,-118.3556,pgeocode 0.5.0 / GeoNames postal dataset
United States,91941,32.7604,-117.0115,pgeocode 0.5.0 / GeoNames postal dataset
United States,95351,37.6236,-120.9966,pgeocode 0.5.0 / GeoNames postal dataset
United States,64055,39.0545,-94.4039,pgeocode 0.5.0 / GeoNames postal dataset
United States,88101,34.4126,-103.2214,pgeocode 0.5.0 / GeoNames postal dataset
United States,68801,40.9219,-98.3411,pgeocode 0.5.0 / GeoNames postal dataset
United States,32935,28.1384,-80.6524,pgeocode 0.5.0 / GeoNames postal dataset
United States,71603,34.1897,-92.0448,pgeocode 0.5.0 / GeoNames postal dataset
United States,56301,45.541,-94.1819,pgeocode 0.5.0 / GeoNames postal dataset
United States,33023,25.9894,-80.2153,pgeocode 0.5.0 / GeoNames postal dataset
United States,44060,41.6895,-81.3421,pgeocode 0.5.0 / GeoNames postal dataset
United States,83642,43.615,-116.3975,pgeocode 0.5.0 / GeoNames postal dataset
United States,94526,37.814,-121.966,pgeocode 0.5.0 / GeoNames postal dataset
United States,72762,36.1835,-94.1762,pgeocode 0.5.0 / GeoNames postal dataset
United States,94086,37.3764,-122.0238,pgeocode 0.5.0 / GeoNames postal dataset
United States,92236,33.675,-116.1772,pgeocode 0.5.0 / GeoNames postal dataset
United States,57401,45.4661,-98.4856,pgeocode 0.5.0 / GeoNames postal dataset
United States,33458,26.9339,-80.1201,pgeocode 0.5.0 / GeoNames postal dataset
United States,94568,37.7166,-121.9226,pgeocode 0.5.0 / GeoNames postal dataset
United States,43123,39.8814,-83.0839,pgeocode 0.5.0 / GeoNames postal dataset
United States,44035,41.3724,-82.1051,pgeocode 0.5.0 / GeoNames postal dataset
United States,21740,39.632,-77.7372,pgeocode 0.5.0 / GeoNames postal dataset
United States,48601,43.4047,-83.9156,pgeocode 0.5.0 / GeoNames postal dataset
United States,77840,30.6045,-96.3123,pgeocode 0.5.0 / GeoNames postal dataset
United States,91761,34.0316,-117.6187,pgeocode 0.5.0 / GeoNames postal dataset
United States,98059,47.5058,-122.1157,pgeocode 0.5.0 / GeoNames postal dataset
United States,48187,42.332,-83.4695,pgeocode 0.5.0 / GeoNames postal dataset
United States,29483,33.028,-80.1739,pgeocode 0.5.0 / GeoNames postal dataset
United States,64118,39.2133,-94.5743,pgeocode 0.5.0 / GeoNames postal dataset
United States,90604,33.9299,-118.0121,pgeocode 0.5.0 / GeoNames postal dataset
United States,79605,32.432,-99.7724,pgeocode 0.5.0 / GeoNames postal dataset
United States,52601,40.8087,-91.117,pgeocode 0.5.0 / GeoNames postal dataset
United States,60067,42.1139,-88.0429,pgeocode 0.5.0 / GeoNames postal dataset
United States,60302,41.8925,-87.7895,pgeocode 0.5.0 / GeoNames postal dataset
United States,32127,29.1383,-80.9956,pgeocode 0.5.0 / GeoNames postal dataset
United States,98208,47.8948,-122.1987,pgeocode 0.5.0 / GeoNames postal dataset
Canada,M7A,43.6641,-79.3889,pgeocode 0.5.0 / GeoNames postal dataset
Canada,T2C,50.987,-113.9634,pgeocode 0.5.0 / GeoNames postal dataset
Canada,M3C,43.7334,-79.3329,pgeocode 0.5.0 / GeoNames postal dataset
Canada,V6Z,49.2767,-123.13,pgeocode 0.5.0 / GeoNames postal dataset
Canada,H1A,45.6753,-73.5016,pgeocode 0.5.0 / GeoNames postal dataset
Canada,B3H,44.6344,-63.5822,pgeocode 0.5.0 / GeoNames postal dataset
Canada,M5H,43.6496,-79.3833,pgeocode 0.5.0 / GeoNames postal dataset
Canada,H1B,45.632,-73.5075,pgeocode 0.5.0 / GeoNames postal dataset
Canada,H1C,45.6656,-73.5367,pgeocode 0.5.0 / GeoNames postal dataset
Canada,M2N,43.7673,-79.4111,pgeocode 0.5.0 / GeoNames postal dataset
Canada,T1Y,51.0823,-113.9578,pgeocode 0.5.0 / GeoNames postal dataset
Canada,T5A,53.5931,-113.4077,pgeocode 0.5.0 / GeoNames postal dataset
Canada,V6G,49.299,-123.1408,pgeocode 0.5.0 / GeoNames postal dataset
Canada,A0A,47.2195,-53.1448,pgeocode 0.5.0 / GeoNames postal dataset
Canada,E1A,46.0967,-64.7087,pgeocode 0.5.0 / GeoNames postal dataset
Canada,V6B,49.2788,-123.1139,pgeocode 0.5.0 / GeoNames postal dataset
Canada,V5K,49.2807,-123.0397,pgeocode 0.5.0 / GeoNames postal dataset
Canada,G1B,46.9263,-71.2258,pgeocode 0.5.0 / GeoNames postal dataset
Canada,C0A,46.1668,-62.6487,pgeocode 0.5.0 / GeoNames postal dataset
Canada,V6E,49.2833,-123.1298,pgeocode 0.5.0 / GeoNames postal dataset
Canada,R0H,50.3458,-98.5152,pgeocode 0.5.0 / GeoNames postal dataset
Canada,S0G,50.5767,-104.1,pgeocode 0.5.0 / GeoNames postal dataset
Canada,R3R,49.8546,-97.2874,pgeocode 0.5.0 / GeoNames postal dataset
