geocoding_distance,feature_set,cv_r2_mean,cv_r2_std
ZIP/state mixed,Ship mode,0.6189173531822767,0.010981304334226316
ZIP/state mixed,+ calendar,0.6277690536343821,0.010399187917965317
ZIP/state mixed,+ order size,0.6253848104381248,0.011218327746364979
ZIP/state mixed,+ distance,0.6267327674154745,0.011312333602391197
ZIP/state mixed,+ region & factory,0.6265512177050361,0.010875384546015445
State-only,Ship mode,0.6189173531822767,0.010981304334226316
State-only,+ calendar,0.6277690536343821,0.010399187917965317
State-only,+ order size,0.6253848104381248,0.011218327746364979
State-only,+ distance,0.6257113703418299,0.010901946490389789
State-only,+ region & factory,0.6261966891571581,0.010666466797736899
