region,product_name,order_count,mean_lead,p90_lead,volume_threshold,overall_mean_lead,congested
Pacific,Wonka Bar - Milk Chocolate,549,4.709090909090909,7.0,378.5,4.5949228471876555,True
Atlantic,Wonka Bar - Milk Chocolate,509,4.667711598746082,7.0,378.5,4.5949228471876555,True
Pacific,Wonka Bar - Fudge Mallows,481,4.675485008818342,7.0,378.5,4.5949228471876555,True
Interior,Wonka Bar - Milk Chocolate,423,4.766129032258065,7.0,378.5,4.5949228471876555,True
Interior,Wonka Bar - Nutty Crunch Surprise,385,4.610619469026549,7.0,378.5,4.5949228471876555,True
Interior,Wonka Bar - Scrumdiddlyumptious,380,4.708061002178649,7.0,378.5,4.5949228471876555,True
Pacific,Wonka Bar - Triple Dazzle Caramel,570,4.559347181008902,7.0,378.5,4.5949228471876555,False
Pacific,Wonka Bar - Scrumdiddlyumptious,560,4.461997019374069,7.0,378.5,4.5949228471876555,False
Atlantic,Wonka Bar - Scrumdiddlyumptious,511,4.45,7.0,378.5,4.5949228471876555,False
Pacific,Wonka Bar - Nutty Crunch Surprise,481,4.478947368421053,7.0,378.5,4.5949228471876555,False
Atlantic,Wonka Bar - Triple Dazzle Caramel,459,4.494584837545126,7.0,378.5,4.5949228471876555,False
Atlantic,Wonka Bar - Fudge Mallows,453,4.532967032967033,7.0,378.5,4.5949228471876555,False
Atlantic,Wonka Bar - Nutty Crunch Surprise,408,4.525667351129363,7.0,378.5,4.5949228471876555,False
Interior,Wonka Bar - Triple Dazzle Caramel,374,4.774049217002237,7.0,378.5,4.5949228471876555,False
Interior,Wonka Bar - Fudge Mallows,348,4.614634146341463,7.0,378.5,4.5949228471876555,False
Gulf,Wonka Bar - Milk Chocolate,281,4.635542168674699,7.0,378.5,4.5949228471876555,False
Gulf,Wonka Bar - Triple Dazzle Caramel,264,4.670731707317073,7.0,378.5,4.5949228471876555,False
Gulf,Wonka Bar - Scrumdiddlyumptious,251,4.640776699029126,7.0,378.5,4.5949228471876555,False
Gulf,Wonka Bar - Nutty Crunch Surprise,250,4.610169491525424,7.0,378.5,4.5949228471876555,False
Gulf,Wonka Bar - Fudge Mallows,243,4.546391752577319,7.0,378.5,4.5949228471876555,False
Atlantic,Wonka Gum,36,4.5675675675675675,7.0,378.5,4.5949228471876555,False
Interior,Wonka Gum,29,4.206896551724138,6.0,378.5,4.5949228471876555,False
Pacific,Wonka Gum,28,3.9285714285714284,6.0,378.5,4.5949228471876555,False
Pacific,Kazookles,26,4.074074074074074,6.400000000000002,378.5,4.5949228471876555,False
Gulf,Wonka Gum,25,4.846153846153846,6.5,378.5,4.5949228471876555,False
Atlantic,Kazookles,25,4.423076923076923,7.0,378.5,4.5949228471876555,False
Gulf,Kazookles,14,3.7142857142857144,5.700000000000001,378.5,4.5949228471876555,False
Interior,Kazookles,9,4.333333333333333,6.0,378.5,4.5949228471876555,False
Atlantic,Laffy Taffy,6,4.666666666666667,7.5,378.5,4.5949228471876555,False
Atlantic,SweeTARTS,5,5.8,6.6,378.5,4.5949228471876555,False
Atlantic,Nerds,4,5.5,6.0,378.5,4.5949228471876555,False
Interior,SweeTARTS,4,4.5,6.1000000000000005,378.5,4.5949228471876555,False
Atlantic,Lickable Wallpaper,3,3.3333333333333335,4.0,378.5,4.5949228471876555,False
Gulf,Laffy Taffy,2,6.0,6.0,378.5,4.5949228471876555,False
Interior,Fizzy Lifting Drinks,2,5.0,5.8,378.5,4.5949228471876555,False
Pacific,Hair Toffee,2,4.5,5.7,378.5,4.5949228471876555,False
Atlantic,Fizzy Lifting Drinks,2,4.0,4.8,378.5,4.5949228471876555,False
Interior,Everlasting Gobstopper,1,7.0,7.0,378.5,4.5949228471876555,False
Interior,Lickable Wallpaper,1,7.0,7.0,378.5,4.5949228471876555,False
Atlantic,Fun Dip,1,6.0,6.0,378.5,4.5949228471876555,False
Gulf,Fizzy Lifting Drinks,1,6.0,6.0,378.5,4.5949228471876555,False
Pacific,Fizzy Lifting Drinks,1,6.0,6.0,378.5,4.5949228471876555,False
Atlantic,Hair Toffee,1,5.0,5.0,378.5,4.5949228471876555,False
Gulf,Everlasting Gobstopper,1,4.0,4.0,378.5,4.5949228471876555,False
Interior,Laffy Taffy,1,4.0,4.0,378.5,4.5949228471876555,False
Pacific,Laffy Taffy,1,4.0,4.0,378.5,4.5949228471876555,False
Pacific,SweeTARTS,1,4.0,4.0,378.5,4.5949228471876555,False
Gulf,Fun Dip,1,3.0,3.0,378.5,4.5949228471876555,False
Interior,Fun Dip,1,2.0,2.0,378.5,4.5949228471876555,False
Gulf,Hair Toffee,1,1.0,1.0,378.5,4.5949228471876555,False
