freight_speed_km_day,actionable_count,actionable_products,actionable_details,matches_live_count_5
400,5,Laffy Taffy; SweeTARTS; Wonka Bar - Fudge Mallows; Wonka Bar - Nutty Crunch Surprise; Wonka Bar - Scrumdiddlyumptious,"[{""product"": ""SweeTARTS"", ""candidate_factory"": ""Secret Factory"", ""orders"": 10, ""lead_gain_days"": 1.212116397043796, ""profit_impact"": 2.981806336727738}, {""product"": ""Wonka Bar - Scrumdiddlyumptious"", ""candidate_factory"": ""Secret Factory"", ""orders"": 1702, ""lead_gain_days"": 1.5448773258633315, ""profit_impact"": 711.2306232809605}, {""product"": ""Wonka Bar - Fudge Mallows"", ""candidate_factory"": ""Secret Factory"", ""orders"": 1525, ""lead_gain_days"": 1.5376716112780793, ""profit_impact"": 632.721114608704}, {""product"": ""Wonka Bar - Nutty Crunch Surprise"", ""candidate_factory"": ""Secret Factory"", ""orders"": 1524, ""lead_gain_days"": 1.5944497574381409, ""profit_impact"": 638.1944599121904}, {""product"": ""Laffy Taffy"", ""candidate_factory"": ""The Other Factory"", ""orders"": 10, ""lead_gain_days"": 1.8436463975808033, ""profit_impact"": 2.986707164080901}]",True
450,5,Laffy Taffy; SweeTARTS; Wonka Bar - Fudge Mallows; Wonka Bar - Nutty Crunch Surprise; Wonka Bar - Scrumdiddlyumptious,"[{""product"": ""SweeTARTS"", ""candidate_factory"": ""Secret Factory"", ""orders"": 10, ""lead_gain_days"": 1.077436797372263, ""profit_impact"": 2.981806336727738}, {""product"": ""Wonka Bar - Scrumdiddlyumptious"", ""candidate_factory"": ""Secret Factory"", ""orders"": 1702, ""lead_gain_days"": 1.3732242896562947, ""profit_impact"": 711.2306232809605}, {""product"": ""Wonka Bar - Fudge Mallows"", ""candidate_factory"": ""Secret Factory"", ""orders"": 1525, ""lead_gain_days"": 1.3668192100249594, ""profit_impact"": 632.721114608704}, {""product"": ""Wonka Bar - Nutty Crunch Surprise"", ""candidate_factory"": ""Secret Factory"", ""orders"": 1524, ""lead_gain_days"": 1.4172886732783476, ""profit_impact"": 638.1944599121904}, {""product"": ""Laffy Taffy"", ""candidate_factory"": ""The Other Factory"", ""orders"": 10, ""lead_gain_days"": 1.638796797849603, ""profit_impact"": 2.986707164080901}]",True
500,4,Laffy Taffy; Wonka Bar - Fudge Mallows; Wonka Bar - Nutty Crunch Surprise; Wonka Bar - Scrumdiddlyumptious,"[{""product"": ""Wonka Bar - Scrumdiddlyumptious"", ""candidate_factory"": ""Secret Factory"", ""orders"": 1702, ""lead_gain_days"": 1.2359018606906653, ""profit_impact"": 711.2306232809605}, {""product"": ""Wonka Bar - Fudge Mallows"", ""candidate_factory"": ""Secret Factory"", ""orders"": 1525, ""lead_gain_days"": 1.2301372890224633, ""profit_impact"": 632.721114608704}, {""product"": ""Wonka Bar - Nutty Crunch Surprise"", ""candidate_factory"": ""Secret Factory"", ""orders"": 1524, ""lead_gain_days"": 1.2755598059505129, ""profit_impact"": 638.1944599121904}, {""product"": ""Laffy Taffy"", ""candidate_factory"": ""The Other Factory"", ""orders"": 10, ""lead_gain_days"": 1.4749171180646425, ""profit_impact"": 2.986707164080901}]",False
550,4,Laffy Taffy; Wonka Bar - Fudge Mallows; Wonka Bar - Nutty Crunch Surprise; Wonka Bar - Scrumdiddlyumptious,"[{""product"": ""Wonka Bar - Scrumdiddlyumptious"", ""candidate_factory"": ""Secret Factory"", ""orders"": 1702, ""lead_gain_days"": 1.123547146082423, ""profit_impact"": 711.2306232809605}, {""product"": ""Wonka Bar - Fudge Mallows"", ""candidate_factory"": ""Secret Factory"", ""orders"": 1525, ""lead_gain_days"": 1.1183066263840575, ""profit_impact"": 632.721114608704}, {""product"": ""Wonka Bar - Nutty Crunch Surprise"", ""candidate_factory"": ""Secret Factory"", ""orders"": 1524, ""lead_gain_days"": 1.1595998235913754, ""profit_impact"": 638.1944599121904}, {""product"": ""Laffy Taffy"", ""candidate_factory"": ""The Other Factory"", ""orders"": 10, ""lead_gain_days"": 1.3408337436951296, ""profit_impact"": 2.986707164080901}]",False
600,4,Laffy Taffy; Wonka Bar - Fudge Mallows; Wonka Bar - Nutty Crunch Surprise; Wonka Bar - Scrumdiddlyumptious,"[{""product"": ""Wonka Bar - Scrumdiddlyumptious"", ""candidate_factory"": ""Secret Factory"", ""orders"": 1702, ""lead_gain_days"": 1.029918217242221, ""profit_impact"": 711.2306232809605}, {""product"": ""Wonka Bar - Fudge Mallows"", ""candidate_factory"": ""Secret Factory"", ""orders"": 1525, ""lead_gain_days"": 1.0251144075187195, ""profit_impact"": 632.721114608704}, {""product"": ""Wonka Bar - Nutty Crunch Surprise"", ""candidate_factory"": ""Secret Factory"", ""orders"": 1524, ""lead_gain_days"": 1.0629665049587607, ""profit_impact"": 638.1944599121904}, {""product"": ""Laffy Taffy"", ""candidate_factory"": ""The Other Factory"", ""orders"": 10, ""lead_gain_days"": 1.2290975983872021, ""profit_impact"": 2.986707164080901}]",False
650,1,Laffy Taffy,"[{""product"": ""Laffy Taffy"", ""candidate_factory"": ""The Other Factory"", ""orders"": 10, ""lead_gain_days"": 1.1345516292804942, ""profit_impact"": 2.986707164080901}]",False
700,1,Laffy Taffy,"[{""product"": ""Laffy Taffy"", ""candidate_factory"": ""The Other Factory"", ""orders"": 10, ""lead_gain_days"": 1.0535122271890305, ""profit_impact"": 2.986707164080901}]",False
750,0,,[],False
800,0,,[],False
850,0,,[],False
900,0,,[],False
950,0,,[],False
1000,0,,[],False
1050,0,,[],False
1100,0,,[],False
1150,0,,[],False
1200,0,,[],False
1250,0,,[],False
1300,0,,[],False
1350,0,,[],False
1400,0,,[],False
1450,0,,[],False
1500,0,,[],False
1550,0,,[],False
1600,0,,[],False
