product,factory,units
Wonka Gum,Secret Factory,478
Kazookles,The Other Factory,227
SweeTARTS,Secret Factory,41
Fizzy Lifting Drinks,Secret Factory,21
Wonka Bar - Milk Chocolate,Wicked Choccy's,8113
Nerds,Secret Factory,10
Laffy Taffy,The Other Factory,27
Wonka Bar - Scrumdiddlyumptious,Wicked Choccy's,7673
Wonka Bar - Fudge Mallows,Wicked Choccy's,6858
Lickable Wallpaper,Secret Factory,4
Fun Dip,Secret Factory,8
Everlasting Gobstopper,The Other Factory,7
Hair Toffee,The Other Factory,17
Wonka Bar - Nutty Crunch Surprise,Lot's O' Nuts,6671
Wonka Bar - Triple Dazzle Caramel,Lot's O' Nuts,7436
