"product","top_factory","orders_in_scope","min_orders","evidence_clears","delta_lead_days","lead_gain_days","min_material_gain_days","material_gap_days","profit_impact","failed_gates","closeness"
"Laffy Taffy","The Other Factory","10","10","True","-0.819398398924801","0.819398398924801","1","-0.180601601075199","2.9867071640809","materiality only","-0.180601601075199"
"Wonka Bar - Nutty Crunch Surprise","Secret Factory","1524","10","True","-0.708644336639174","0.708644336639174","1","-0.291355663360826","638.19445991219","materiality only","-0.291355663360826"
"Wonka Bar - Scrumdiddlyumptious","Secret Factory","1702","10","True","-0.686612144828147","0.686612144828147","1","-0.313387855171853","711.23062328096","materiality only","-0.313387855171853"
"Wonka Bar - Fudge Mallows","Secret Factory","1525","10","True","-0.68340960501248","0.68340960501248","1","-0.31659039498752","632.721114608704","materiality only","-0.31659039498752"
"Fizzy Lifting Drinks","Secret Factory","6","10","False","-0.628565532546929","0.628565532546929","1","-0.371434467453071","1.78198328477055","both","-0.4"
"SweeTARTS","Secret Factory","10","10","True","-0.538718398686131","0.538718398686131","1","-0.461281601313869","2.98180633672774","materiality only","-0.461281601313869"
"Wonka Bar - Triple Dazzle Caramel","Secret Factory","1667","10","True","-0.411969460604917","0.411969460604917","1","-0.588030539395083","413.559662722851","materiality only","-0.588030539395083"
"Nerds","Secret Factory","4","10","False","-0.609686003036778","0.609686003036778","1","-0.390313996963222","0.82307610409965","both","-0.6"
"Hair Toffee","Lot's O' Nuts","4","10","False","-0.386567914671056","0.386567914671056","1","-0.613432085328944","0.887173364170073","both","-0.613432085328944"
"Wonka Bar - Milk Chocolate","Secret Factory","1762","10","True","-0.367475141798584","0.367475141798584","1","-0.632524858201416","402.478986430608","materiality only","-0.632524858201416"
"Fun Dip","Secret Factory","3","10","False","-0.723470528985251","0.723470528985251","1","-0.276529471014749","0.781348171304071","both","-0.7"
"Everlasting Gobstopper","The Other Factory","2","10","False","-0.666316146439665","0.666316146439665","1","-0.333683853560335","0.629668758385483","both","-0.8"
"Wonka Gum","The Other Factory","118","10","True","-0.0238165979340614","0.0238165979340614","1","-0.976183402065939","1.53688506468498","materiality only","-0.976183402065939"
"Kazookles","Secret Factory","74","10","True","0.0226440299812963","-0.0226440299812963","1","-1.0226440299813","-0.693926298776824","materiality only","-1.0226440299813"
"Lickable Wallpaper","The Other Factory","4","10","False","0.272561897219191","-0.272561897219191","1","-1.27256189721919","-0.147183424498363","both","-1.27256189721919"
