feature,importance_mean,importance_std
ship_mode_rank,0.3458932867214831,0.013394276127075064
ship_mode,0.3057714377137169,0.013294061396193978
order_month,0.048803910113006645,0.004195752457186614
distance_km,0.046229887575990225,0.004750961416825559
order_weekday,0.03343595614956133,0.004743060935486542
region,0.013621490592319364,0.0021997805559229033
order_quarter,0.0029961540534894195,0.0004345444539383966
order_weekend,0.0022722903132365246,0.0008406133779895005
current_factory,0.001775944001118379,0.0009977549902065604
division,-6.758239435522562e-06,0.00018437354194043325
units,-0.0022808471290068576,0.0003047341182263274
gross_profit,-0.002589130702218645,0.0013421975295296934
sales,-0.0041944655399487555,0.0010848857621609611
cost,-0.006210434615686877,0.0013298024253351971
