product,current_factory,candidate_factory,is_incumbent,orders,units,baseline_lead_days,baseline_profit,current_distance_km,candidate_distance_km,delta_distance_km,delta_lead_days,new_lead_days,delta_cost,profit_impact,new_profit,breakeven_freight_speed_km_day,confidence,capability_gap,risk_score,risk_reduction,evidence_score,stability_score,lead_gain,profit_gain,objective,score,sufficient_evidence,materially_better
Laffy Taffy,Sugar Shack,The Other Factory,False,10,27.0,5.111111111111111,33.48,2051.388046789115,1313.9294877567936,-737.4585590323213,-0.8193983989248015,4.2917127121863095,-2.986707164080901,2.986707164080901,36.4667071640809,737.4585590323213,58.162317757579494,False,0.055327868852459015,-0.055327868852459015,0.5195737064824407,0.69685790960631,0.8193983989248015,2.986707164080901,0.838421896626889,0.4876456076652559,True,False
Laffy Taffy,Sugar Shack,Secret Factory,False,10,27.0,5.111111111111111,33.48,2051.388046789115,1406.8903336330122,-644.4977131561027,-0.7161085701734474,4.395002540937663,-2.610215738282216,2.610215738282216,36.09021573828221,644.4977131561027,58.162317757579494,False,0.027607361963190184,-0.027607361963190184,0.5195737064824407,0.69685790960631,0.7161085701734474,2.610215738282216,0.8141087546777681,0.47350452078795685,True,False
Wonka Bar - Nutty Crunch Surprise,Lot's O' Nuts,Secret Factory,False,1524,6671.0,4.553290361265177,16610.79,2133.890333942565,1496.1104309673085,-637.7799029752566,-0.708644336639174,3.8446460246260035,-638.1944599121905,638.1944599121905,17248.98445991219,637.7799029752566,69.88642105257512,True,1.0,-1.0,1.0,0.7110406015021462,0.708644336639174,638.1944599121905,0.8,0.44727309473648086,True,False
Wonka Bar - Scrumdiddlyumptious,Lot's O' Nuts,Secret Factory,False,1702,7673.0,4.581258959989574,19182.5,2150.0100958146586,1532.059165469326,-617.9509303453326,-0.6866121448281474,3.8946468151614266,-711.2306232809605,711.2306232809605,19893.73062328096,617.9509303453326,70.05026526548234,True,1.0,-1.0,1.0,0.7157218647280671,0.6866121448281474,711.2306232809605,0.8,0.44832169769908703,True,False
Wonka Bar - Fudge Mallows,Lot's O' Nuts,Secret Factory,False,1525,6858.0,4.605424321959755,16459.199999999997,2139.9139535329687,1524.845309021737,-615.0686445112317,-0.6834096050124797,3.922014716947275,-632.721114608704,632.721114608704,17091.9211146087,615.0686445112317,70.01891998685754,True,1.0,-1.0,1.0,0.7148262853387868,0.6834096050124797,632.721114608704,0.8,0.44812108791588834,True,False
Wonka Bar - Nutty Crunch Surprise,Lot's O' Nuts,The Other Factory,False,1524,6671.0,4.553290361265177,16610.79,2133.890333942565,1536.4078776557549,-597.4824562868102,-0.6638693958742337,3.8894209653909435,-597.8708198833966,597.8708198833966,17208.660819883396,597.4824562868102,69.88642105257512,True,1.0,-1.0,1.0,0.7110406015021462,0.6638693958742337,597.8708198833966,0.7494528485448251,0.4190126186596437,True,False
Wonka Bar - Scrumdiddlyumptious,Lot's O' Nuts,The Other Factory,False,1702,7673.0,4.581258959989574,19182.5,2150.0100958146586,1560.8982603399752,-589.1118354746834,-0.6545687060829816,3.9266902539065924,-678.0382670395869,678.0382670395869,19860.53826703959,589.1118354746834,70.05026526548234,True,1.0,-1.0,1.0,0.7157218647280671,0.6545687060829816,678.0382670395869,0.7626648739186681,0.4273990138133468,True,False
Wonka Bar - Fudge Mallows,Lot's O' Nuts,The Other Factory,False,1525,6858.0,4.605424321959755,16459.199999999997,2139.9139535329687,1560.672695969747,-579.2412575632216,-0.6436013972924683,3.9618229246672865,-595.865481655286,595.865481655286,17055.06548165528,579.2412575632216,70.01891998685754,True,1.0,-1.0,1.0,0.7148262853387868,0.6436013972924683,595.865481655286,0.7534004703146842,0.42201829799219764,True,False
SweeTARTS,Sugar Shack,Secret Factory,False,10,41.0,5.341463414634147,28.7,1728.8862672150722,1244.0397083975538,-484.84655881751837,-0.5387183986861315,4.802745015948015,-2.981806336727738,2.981806336727738,31.68180633672774,484.84655881751837,61.34082622546788,False,0.041922290388548056,-0.041922290388548056,0.5195737064824407,0.7876724372602639,0.5387183986861315,2.981806336727738,0.9832751842655155,0.603149122098459,True,False
SweeTARTS,Sugar Shack,The Other Factory,False,10,41.0,5.341463414634147,28.7,1728.8862672150722,1303.7069968651385,-425.17927034993363,-0.4724214114999263,4.86904200313422,-2.614852512652092,2.614852512652092,31.31485251265209,425.17927034993363,61.34082622546788,False,0.08401639344262295,-0.08401639344262295,0.5195737064824407,0.7876724372602639,0.4724214114999263,2.614852512652092,0.9289617084839946,0.5698327873023047,True,False
Wonka Bar - Triple Dazzle Caramel,Wicked Choccy's,Secret Factory,False,1667,7436.0,4.5835126412049485,18218.2,1915.3018237353006,1544.5293091908757,-370.7725145444249,-0.41196946060491657,4.171543180600032,-413.5596627228515,413.5596627228515,18631.759662722852,370.7725145444249,70.0518338763513,True,1.0,-1.0,1.0,0.7157666821814656,0.41196946060491657,413.5596627228515,0.8,0.4483317368086484,True,False
Wonka Bar - Milk Chocolate,Wicked Choccy's,Secret Factory,False,1762,8113.0,4.748551707136694,17118.43,1859.278855029462,1528.5512274107366,-330.72762761872536,-0.36747514179858376,4.381076565338111,-402.4789864306078,402.4789864306078,17520.908986430608,330.72762761872536,70.25208956963328,True,1.0,-1.0,1.0,0.7214882734180941,0.36747514179858376,402.4789864306078,0.8,0.44961337324565315,True,False
Wonka Bar - Triple Dazzle Caramel,Wicked Choccy's,The Other Factory,False,1667,7436.0,4.5835126412049485,18218.2,1915.3018237353006,1594.462446749093,-320.8393769862075,-0.3564881966513417,4.2270244445536065,-357.86424109041593,357.86424109041593,18576.06424109042,320.8393769862075,70.0518338763513,True,1.0,-1.0,1.0,0.7157666821814656,0.3564881966513417,357.86424109041593,0.7263716600474821,0.4070693348970859,True,False
Wonka Bar - Scrumdiddlyumptious,Lot's O' Nuts,Wicked Choccy's,False,1702,7673.0,4.581258959989574,19182.5,2150.0100958146586,1848.6529117457403,-301.3571840689183,-0.33484131563213143,4.246417644357443,-346.8470510041215,346.8470510041215,19529.347051004122,301.3571840689183,90.05026526548234,False,0.24673612450961477,-0.24673612450961477,1.0,0.7157218647280671,0.33484131563213143,346.8470510041215,0.5407901394360635,0.486982955091747,True,False
Wonka Bar - Milk Chocolate,Wicked Choccy's,The Other Factory,False,1762,8113.0,4.748551707136694,17118.43,1859.278855029462,1566.3694034160435,-292.90945161341847,-0.3254549462371316,4.423096760899562,-356.45615714094953,356.45615714094953,17474.88615714095,292.90945161341847,70.25208956963328,True,1.0,-1.0,1.0,0.7214882734180941,0.3254549462371316,356.45615714094953,0.7509768868703868,0.42206156416914226,True,False
Wonka Bar - Fudge Mallows,Lot's O' Nuts,Wicked Choccy's,False,1525,6858.0,4.605424321959755,16459.199999999997,2139.9139535329687,1850.9445400008967,-288.96941353207194,-0.3210771261467466,4.284347195813009,-297.2628357004424,297.2628357004424,16756.46283570044,288.96941353207194,90.01891998685754,False,0.2205286513602161,-0.2205286513602161,1.0,0.7148262853387868,0.3210771261467466,297.2628357004424,0.5317474901589263,0.478673347698287,True,False
Wonka Bar - Nutty Crunch Surprise,Lot's O' Nuts,Sugar Shack,False,1524,6671.0,4.553290361265177,16610.79,2133.890333942565,1846.0157625659592,-287.8745713766059,-0.31986063486289545,4.2334297264022815,-288.0616898480007,288.0616898480007,16898.851689848,287.8745713766059,69.88642105257512,True,1.0,-1.0,1.0,0.7110406015021462,0.31986063486289545,288.0616898480007,0.3610958200892377,0.201885556184651,True,False
Wonka Bar - Nutty Crunch Surprise,Lot's O' Nuts,Wicked Choccy's,False,1524,6671.0,4.553290361265177,16610.79,2133.890333942565,1846.4981555215695,-287.3921784209956,-0.3193246426899951,4.233965718575182,-287.57898333696926,287.57898333696926,16898.36898333697,287.3921784209956,89.88642105257512,False,0.21451540291980192,-0.21451540291980192,1.0,0.7110406015021462,0.3193246426899951,287.57898333696926,0.5175876493124256,0.4652410137770928,True,False
Wonka Bar - Scrumdiddlyumptious,Lot's O' Nuts,Sugar Shack,False,1702,7673.0,4.581258959989574,19182.5,2150.0100958146586,1877.7174940941134,-272.29260172054524,-0.3025473352450503,4.278711624744524,-313.3951699502615,313.3951699502615,19495.89516995026,272.29260172054524,70.05026526548234,True,1.0,-1.0,1.0,0.7157218647280671,0.3025473352450503,313.3951699502615,0.35251032190323417,0.19754753246513698,True,False
Wonka Bar - Fudge Mallows,Lot's O' Nuts,Sugar Shack,False,1525,6858.0,4.605424321959755,16459.199999999997,2139.9139535329687,1870.770285316306,-269.1436682166627,-0.29904852024073636,4.306375801719018,-276.8680914944809,276.8680914944809,16736.06809149448,269.1436682166627,70.01891998685754,True,1.0,-1.0,1.0,0.7148262853387868,0.29904852024073636,276.8680914944809,0.3500665112662857,0.19609023233945938,True,False
SweeTARTS,Sugar Shack,Wicked Choccy's,False,10,41.0,5.341463414634147,28.7,1728.8862672150722,1480.0551182635518,-248.8311489515204,-0.27647905439057824,5.064984360243568,-1.5303115660518503,1.5303115660518503,30.23031156605185,248.8311489515204,41.34082622546788,True,0.501318412759663,-0.501318412759663,0.5195737064824407,0.7876724372602639,0.27647905439057824,1.5303115660518503,0.6515882702672731,0.21549757961338029,True,False
Wonka Bar - Triple Dazzle Caramel,Wicked Choccy's,Sugar Shack,False,1667,7436.0,4.5835126412049485,18218.2,1915.3018237353006,1860.8324403788313,-54.46938335646928,-0.060521537062743644,4.522991104142205,-60.75515019580583,60.75515019580583,18278.955150195805,54.46938335646928,70.0518338763513,True,1.0,-1.0,1.0,0.7157666821814656,0.060521537062743644,60.75515019580583,0.3335988161368786,0.18695367079494463,True,False
Wonka Gum,Secret Factory,The Other Factory,False,118,478.0,4.307531380753138,310.7,1292.1532731999864,1270.7183350593311,-21.434938140655277,-0.023816597934061417,4.283714782819077,-1.5368850646849832,1.5368850646849832,312.236885064685,21.434938140655277,90.40018540376224,False,0.5,-0.5,1.0,0.7257195829646352,0.023816597934061417,1.5368850646849832,0.9,0.8136016686338601,True,False
