product,current_factory,candidate_factory,orders,units,baseline_lead_days,baseline_profit,current_distance_km,candidate_distance_km,delta_distance_km,delta_lead_days,new_lead_days,delta_cost,profit_impact,new_profit,confidence,capability_gap,evidence_score,stability_score,lead_gain,profit_gain,objective,score,sufficient_evidence,materially_better,gate_result,material_gap_days,matched_hand_table_gate
Wonka Gum,Secret Factory,The Other Factory,118,478.0,4.307531380753138,310.7,1292.1532731999864,1270.7183350593311,-21.434938140655277,-0.023816597934061417,4.283714782819077,-1.5368850646849832,1.5368850646849832,312.236885064685,90.40018540376224,False,1.0,0.7257195829646352,0.023816597934061417,1.5368850646849832,1.0,0.9040018540376223,True,False,materiality_only,-0.9761834020659386,True
Kazookles,The Other Factory,Secret Factory,74,227.0,3.9779735682819384,56.75,1682.573712469739,1702.9533394529055,20.379626983166645,0.022644029981296273,4.000617598263235,0.6939262987768243,-0.6939262987768243,56.05607370122318,85.26599838215404,False,0.9355092890383155,0.6987969884189581,-0.022644029981296273,-0.6939262987768243,1.0,0.8526599838215404,True,False,materiality_only,-1.0226440299812962,True
SweeTARTS,Sugar Shack,Secret Factory,10,41.0,5.341463414634147,28.7,1728.8862672150722,1244.0397083975538,-484.84655881751837,-0.5387183986861315,4.802745015948015,-2.981806336727738,2.981806336727738,31.68180633672774,61.34082622546788,False,0.5195737064824407,0.7876724372602639,0.5387183986861315,2.981806336727738,1.0,0.6134082622546788,True,False,materiality_only,-0.46128160131386853,True
Wonka Bar - Milk Chocolate,Wicked Choccy's,Secret Factory,1762,8113.0,4.748551707136694,17118.43,1859.278855029462,1528.5512274107366,-330.72762761872536,-0.36747514179858376,4.381076565338111,-402.4789864306078,402.4789864306078,17520.908986430608,70.25208956963328,True,1.0,0.7214882734180941,0.36747514179858376,402.4789864306078,1.0,0.5620167165570663,True,False,materiality_only,-0.6325248582014162,True
Wonka Bar - Triple Dazzle Caramel,Wicked Choccy's,Secret Factory,1667,7436.0,4.5835126412049485,18218.2,1915.3018237353006,1544.5293091908757,-370.7725145444249,-0.41196946060491657,4.171543180600032,-413.5596627228515,413.5596627228515,18631.759662722852,70.0518338763513,True,1.0,0.7157666821814656,0.41196946060491657,413.5596627228515,1.0,0.5604146710108104,True,False,materiality_only,-0.5880305393950834,True
Wonka Bar - Scrumdiddlyumptious,Lot's O' Nuts,Secret Factory,1702,7673.0,4.581258959989574,19182.5,2150.0100958146586,1532.059165469326,-617.9509303453326,-0.6866121448281474,3.8946468151614266,-711.2306232809605,711.2306232809605,19893.73062328096,70.05026526548234,True,1.0,0.7157218647280671,0.6866121448281474,711.2306232809605,1.0,0.5604021221238588,True,False,materiality_only,-0.31338785517185264,True
Wonka Bar - Fudge Mallows,Lot's O' Nuts,Secret Factory,1525,6858.0,4.605424321959755,16459.199999999997,2139.9139535329687,1524.845309021737,-615.0686445112317,-0.6834096050124797,3.922014716947275,-632.721114608704,632.721114608704,17091.9211146087,70.01891998685754,True,1.0,0.7148262853387868,0.6834096050124797,632.721114608704,1.0,0.5601513598948603,True,False,materiality_only,-0.3165903949875203,True
Wonka Bar - Nutty Crunch Surprise,Lot's O' Nuts,Secret Factory,1524,6671.0,4.553290361265177,16610.79,2133.890333942565,1496.1104309673087,-637.7799029752564,-0.7086443366391738,3.8446460246260035,-638.1944599121904,638.1944599121904,17248.98445991219,69.88642105257512,True,1.0,0.7110406015021462,0.7086443366391738,638.1944599121904,1.0,0.5590913684206009,True,False,materiality_only,-0.2913556633608262,True
Fizzy Lifting Drinks,Sugar Shack,Secret Factory,6,21.0,5.0,47.25,1819.2277202114212,1253.5187409191847,-565.7089792922366,-0.6285655325469295,4.371434467453071,-1.781983284770545,1.781983284770545,49.03198328477055,55.840021858129795,False,0.4216379923242304,0.8123872102015666,0.6285655325469295,1.781983284770545,0.9622519697484748,0.5373217102378329,False,False,both,-0.3714344674530705,True
Nerds,Sugar Shack,Secret Factory,4,10.0,5.3,7.0,1929.6510025467185,1380.9335998136185,-548.7174027331,-0.6096860030367778,4.690313996963222,-0.8230761040996502,0.8230761040996502,7.82307610409965,54.7508810011497,False,0.34873150258179014,0.9166666666666667,0.6096860030367778,0.8230761040996502,0.8964914285074983,0.4908369552076474,False,False,both,-0.3903139969632222,True
Laffy Taffy,Sugar Shack,The Other Factory,10,27.0,5.111111111111111,33.48,2051.388046789115,1313.9294877567936,-737.4585590323213,-0.8193983989248015,4.2917127121863095,-2.986707164080901,2.986707164080901,36.4667071640809,58.162317757579494,False,0.5195737064824407,0.69685790960631,0.8193983989248015,2.986707164080901,0.82564335154847,0.48021330967195025,True,False,materiality_only,-0.18060160107519851,True
Fun Dip,Sugar Shack,Secret Factory,3,8.0,4.125,4.8,1542.6860894122647,891.5626133255386,-651.1234760867261,-0.7234705289852512,3.401529471014749,-0.7813481713040712,0.7813481713040712,5.581348171304071,43.43926268504551,False,0.3003809664473759,0.6832714247418881,0.7234705289852512,0.7813481713040712,1.0,0.43439262685045515,False,False,both,-0.2765294710147488,True
Lickable Wallpaper,Secret Factory,The Other Factory,4,4.0,4.25,40.0,1131.5837030471703,1376.8894105444424,245.30570749727212,0.2725618972191913,4.522561897219191,0.14718342449836327,-0.14718342449836327,39.852816575501635,47.31397659645923,False,0.34873150258179014,0.7041836836755107,-0.2725618972191913,-0.14718342449836327,0.9153048035435158,0.4330671005348462,False,False,both,-1.2725618972191912,True
Everlasting Gobstopper,Secret Factory,The Other Factory,2,7.0,5.285714285714286,56.0,1353.892233340157,754.2077015444587,-599.6845317956983,-0.6663161464396647,4.619398139274621,-0.6296687583854831,0.6296687583854831,56.629668758385485,42.973008451857794,False,0.23804628387473534,0.7857142857142857,0.6663161464396647,0.6296687583854831,1.0,0.4297300845185779,False,False,both,-0.33368385356033525,True
Hair Toffee,The Other Factory,Lot's O' Nuts,4,17.0,4.235294117647059,59.5,1908.7945205897831,1560.8833973858332,-347.91112320394996,-0.3865679146710555,3.848726202976003,-0.8871733641700724,0.8871733641700724,60.387173364170074,25.814526477268053,True,0.34873150258179014,0.6613422516986198,0.3865679146710555,0.8871733641700724,1.0,0.3665162118181444,False,False,both,-0.6134320853289446,True
