product,current_factory,candidate_factory,orders,units,baseline_lead_days,baseline_profit,current_distance_km,candidate_distance_km,delta_distance_km,delta_lead_days,new_lead_days,delta_cost,profit_impact,new_profit,confidence,capability_gap,evidence_score,stability_score,lead_gain,profit_gain,objective,score,sufficient_evidence,materially_better
Everlasting Gobstopper,Secret Factory,The Other Factory,2,7.0,5.285714285714286,56.0,1353.892233340157,754.2077015444587,-599.6845317956983,-0.6663161464396647,4.619398139274621,-0.6296687583854831,0.6296687583854831,56.629668758385485,42.973008451857794,False,0.23804628387473534,0.7857142857142857,0.6663161464396647,0.6296687583854831,1.0,0.4297300845185779,False,False
Everlasting Gobstopper,Secret Factory,Wicked Choccy's,2,7.0,5.285714285714286,56.0,1353.892233340157,789.9823894792464,-563.9098438609105,-0.6265664931787895,4.659147792535496,-0.592105336053956,0.592105336053956,56.592105336053955,22.973008451857794,True,0.23804628387473534,0.7857142857142857,0.6265664931787895,0.592105336053956,0.9748827056734832,0.3351491420038127,False,False
Everlasting Gobstopper,Secret Factory,Sugar Shack,2,7.0,5.285714285714286,56.0,1353.892233340157,2138.0885284853116,784.1962951451546,0.8713292168279496,6.157043502542235,0.8234061099024123,-0.8234061099024123,55.176593890097585,42.973008451857794,False,0.23804628387473534,0.7857142857142857,-0.8713292168279496,-0.8234061099024123,0.02838168409859463,0.01219646350646865,False,False
Fizzy Lifting Drinks,Sugar Shack,Secret Factory,6,21.0,5.0,47.25,1819.2277202114212,1253.5187409191847,-565.7089792922366,-0.6285655325469295,4.371434467453071,-1.781983284770545,1.781983284770545,49.03198328477055,55.840021858129795,False,0.4216379923242304,0.8123872102015666,0.6285655325469295,1.781983284770545,0.9622519697484748,0.5373217102378329,False,False
Fizzy Lifting Drinks,Sugar Shack,The Other Factory,6,21.0,5.0,47.25,1819.2277202114212,1305.8821294563245,-513.3455907550967,-0.5703839897278853,4.429616010272115,-1.6170386108785548,1.6170386108785548,48.86703861087855,55.840021858129795,False,0.4216379923242304,0.8123872102015666,0.5703839897278853,1.6170386108785548,0.9249940173411669,0.5165168614697006,False,False
Fizzy Lifting Drinks,Sugar Shack,Wicked Choccy's,6,21.0,5.0,47.25,1819.2277202114212,1200.4665830076667,-618.7611372037545,-0.6875123746708384,4.312487625329162,-1.9490975821918264,1.9490975821918264,49.199097582191825,35.840021858129795,True,0.4216379923242304,0.8123872102015666,0.6875123746708384,1.9490975821918264,1.0,0.4467201748650384,False,False
Fun Dip,Sugar Shack,Secret Factory,3,8.0,4.125,4.8,1542.6860894122647,891.5626133255386,-651.1234760867261,-0.7234705289852512,3.401529471014749,-0.7813481713040712,0.7813481713040712,5.581348171304071,43.43926268504551,False,0.3003809664473759,0.6832714247418881,0.7234705289852512,0.7813481713040712,1.0,0.43439262685045515,False,False
Fun Dip,Sugar Shack,The Other Factory,3,8.0,4.125,4.8,1542.6860894122647,1110.5504949066813,-432.1355945055834,-0.48015066056175937,3.644849339438241,-0.5185627134067001,0.5185627134067001,5.3185627134067,43.43926268504551,False,0.3003809664473759,0.6832714247418881,0.48015066056175937,0.5185627134067001,0.8913236529064145,0.3871844229599607,False,False
Fun Dip,Sugar Shack,Wicked Choccy's,3,8.0,4.125,4.8,1542.6860894122647,1101.7461480939212,-440.9399413183435,-0.48993326813149274,3.6350667318685073,-0.5291279295820122,0.5291279295820122,5.329127929582012,23.439262685045513,True,0.3003809664473759,0.6832714247418881,0.48993326813149274,0.5291279295820122,0.895692955185825,0.31126593252369406,False,False
Hair Toffee,The Other Factory,Lot's O' Nuts,4,17.0,4.235294117647059,59.5,1908.7945205897831,1560.883397385833,-347.9111232039502,-0.3865679146710558,3.848726202976003,-0.8871733641700731,0.8871733641700731,60.387173364170074,25.814526477268053,True,0.34873150258179014,0.6613422516986198,0.3865679146710558,0.8871733641700731,1.0,0.3665162118181444,False,False
Hair Toffee,The Other Factory,Secret Factory,4,17.0,4.235294117647059,59.5,1908.7945205897831,1904.2882888405381,-4.506231749244989,-0.005006924165827766,4.230287193481231,-0.011490890960574722,0.011490890960574722,59.51149089096057,45.81452647726805,False,0.34873150258179014,0.6613422516986198,0.005006924165827766,0.011490890960574722,0.49698345461816884,0.22769061640368243,False,False
Hair Toffee,The Other Factory,Sugar Shack,4,17.0,4.235294117647059,59.5,1908.7945205897831,2118.3112683457825,209.5167477559994,0.2327963863955549,4.468090504042614,0.5342677067777984,-0.5342677067777984,58.9657322932222,45.81452647726805,False,0.34873150258179014,0.6613422516986198,-0.2327963863955549,-0.5342677067777984,0.18348442632242784,0.08406252107915209,False,False
Kazookles,The Other Factory,Secret Factory,74,227.0,3.9779735682819384,56.75,1682.573712469739,1702.9533394529055,20.379626983166645,0.022644029981296273,4.000617598263235,0.6939262987768243,-0.6939262987768243,56.05607370122318,85.26599838215404,False,0.9355092890383155,0.6987969884189581,-0.022644029981296273,-0.6939262987768243,1.0,0.8526599838215404,True,False
Kazookles,The Other Factory,Wicked Choccy's,74,227.0,3.9779735682819384,56.75,1682.573712469739,1950.5205663962665,267.94685392652764,0.29771872658503074,4.275692294866969,9.123590376198266,-9.123590376198266,47.626409623801734,65.26599838215404,True,0.9355092890383155,0.6987969884189581,-0.29771872658503074,-9.123590376198266,0.39267777059620856,0.2678564972189134,True,False
Kazookles,The Other Factory,Sugar Shack,74,227.0,3.9779735682819384,56.75,1682.573712469739,2016.2268606492382,333.65314817949934,0.3707257201994437,4.348699288481382,11.36088969551195,-11.36088969551195,45.38911030448805,65.26599838215404,True,0.9355092890383155,0.6987969884189581,-0.3707257201994437,-11.36088969551195,0.2314896617973577,0.1579055770263911,True,False
Laffy Taffy,Sugar Shack,The Other Factory,10,27.0,5.111111111111111,33.48,2051.388046789115,1313.9294877567936,-737.4585590323213,-0.8193983989248015,4.2917127121863095,-2.986707164080901,2.986707164080901,36.4667071640809,58.162317757579494,False,0.5195737064824407,0.69685790960631,0.8193983989248015,2.986707164080901,0.82564335154847,0.48021330967195025,True,False
Laffy Taffy,Sugar Shack,Wicked Choccy's,10,27.0,5.111111111111111,33.48,2051.388046789115,947.4542243133951,-1103.9338224757198,-1.2265931360841331,3.8845179750269776,-4.470931981026665,4.470931981026665,37.95093198102666,38.162317757579494,True,0.5195737064824407,0.69685790960631,1.2265931360841331,4.470931981026665,1.0,0.465298542060636,True,True
Laffy Taffy,Sugar Shack,Secret Factory,10,27.0,5.111111111111111,33.48,2051.388046789115,1406.8903336330122,-644.4977131561027,-0.7161085701734474,4.395002540937663,-2.610215738282216,2.610215738282216,36.09021573828221,58.162317757579494,False,0.5195737064824407,0.69685790960631,0.7161085701734474,2.610215738282216,0.7814156965304935,0.4544894804236687,True,False
Lickable Wallpaper,Secret Factory,The Other Factory,4,4.0,4.25,40.0,1131.5837030471703,1376.8894105444424,245.30570749727212,0.2725618972191913,4.522561897219191,0.14718342449836327,-0.14718342449836327,39.852816575501635,47.31397659645923,False,0.34873150258179014,0.7041836836755107,-0.2725618972191913,-0.14718342449836327,0.9153048035435158,0.4330671005348462,False,False
Lickable Wallpaper,Secret Factory,Wicked Choccy's,4,4.0,4.25,40.0,1131.5837030471703,1208.1573358719095,76.5736328247392,0.08508181424971023,4.33508181424971,0.045944179694843525,-0.045944179694843525,39.95405582030516,27.313976596459227,True,0.34873150258179014,0.7041836836755107,-0.08508181424971023,-0.045944179694843525,1.0,0.37851181277167384,False,False
Lickable Wallpaper,Secret Factory,Sugar Shack,4,4.0,4.25,40.0,1131.5837030471703,1708.5440271396349,576.9603240924646,0.6410670267694051,4.891067026769405,0.3461761944554787,-0.3461761944554787,39.65382380554452,27.313976596459227,True,0.34873150258179014,0.7041836836755107,-0.6410670267694051,-0.3461761944554787,0.7488305101245287,0.28344119384597266,False,False
Nerds,Sugar Shack,Secret Factory,4,10.0,5.3,7.0,1929.6510025467185,1380.9335998136187,-548.7174027330998,-0.6096860030367776,4.690313996963222,-0.8230761040996496,0.8230761040996496,7.823076104099649,54.7508810011497,False,0.34873150258179014,0.9166666666666667,0.6096860030367776,0.8230761040996496,0.8964914285074981,0.49083695520764736,False,False
Nerds,Sugar Shack,The Other Factory,4,10.0,5.3,7.0,1929.6510025467185,1521.333765337868,-408.31723720885043,-0.4536858191209449,4.846314180879055,-0.6124758558132756,0.6124758558132756,7.612475855813275,54.7508810011497,False,0.34873150258179014,0.9166666666666667,0.4536858191209449,0.6124758558132756,0.8352640888889289,0.4573144473529147,False,False
Nerds,Sugar Shack,Wicked Choccy's,4,10.0,5.3,7.0,1929.6510025467185,1143.5785120168862,-786.0724905298323,-0.8734138783664803,4.42658612163352,-1.1791087357947483,1.1791087357947483,8.179108735794749,34.7508810011497,True,0.34873150258179014,0.9166666666666667,0.8734138783664803,1.1791087357947483,1.0,0.4380070480091976,False,False
SweeTARTS,Sugar Shack,Secret Factory,10,41.0,5.341463414634147,28.7,1728.8862672150722,1244.0397083975538,-484.84655881751837,-0.5387183986861315,4.802745015948015,-2.981806336727738,2.981806336727738,31.68180633672774,61.34082622546788,False,0.5195737064824407,0.7876724372602639,0.5387183986861315,2.981806336727738,1.0,0.6134082622546788,True,False
SweeTARTS,Sugar Shack,The Other Factory,10,41.0,5.341463414634147,28.7,1728.8862672150722,1303.7069968651385,-425.17927034993363,-0.4724214114999263,4.86904200313422,-2.614852512652092,2.614852512652092,31.31485251265209,61.34082622546788,False,0.5195737064824407,0.7876724372602639,0.4724214114999263,2.614852512652092,0.9530998553496803,0.5846393260252332,True,False
SweeTARTS,Sugar Shack,Wicked Choccy's,10,41.0,5.341463414634147,28.7,1728.8862672150722,1480.0551182635518,-248.8311489515204,-0.27647905439057824,5.064984360243568,-1.5303115660518503,1.5303115660518503,30.23031156605185,41.34082622546788,True,0.5195737064824407,0.7876724372602639,0.27647905439057824,1.5303115660518503,0.8144853378340913,0.39968962857018,True,False
Wonka Bar - Fudge Mallows,Lot's O' Nuts,Secret Factory,1525,6858.0,4.605424321959755,16459.199999999997,2139.9139535329687,1524.845309021737,-615.0686445112317,-0.6834096050124797,3.922014716947275,-632.721114608704,632.721114608704,17091.9211146087,70.01891998685754,True,1.0,0.7148262853387868,0.6834096050124797,632.721114608704,1.0,0.5601513598948603,True,False
Wonka Bar - Fudge Mallows,Lot's O' Nuts,The Other Factory,1525,6858.0,4.605424321959755,16459.199999999997,2139.9139535329687,1560.672695969747,-579.2412575632216,-0.6436013972924683,3.9618229246672865,-595.865481655286,595.865481655286,17055.06548165528,70.01891998685754,True,1.0,0.7148262853387868,0.6436013972924683,595.865481655286,0.8964301816775966,0.5021365853175024,True,False
Wonka Bar - Fudge Mallows,Lot's O' Nuts,Wicked Choccy's,1525,6858.0,4.605424321959755,16459.199999999997,2139.9139535329687,1850.9445400008967,-288.96941353207194,-0.3210771261467466,4.284347195813009,-297.2628357004424,297.2628357004424,16756.46283570044,90.01891998685754,False,1.0,0.7148262853387868,0.3210771261467466,297.2628357004424,0.057312269058383394,0.040129431814641986,True,False
Wonka Bar - Milk Chocolate,Wicked Choccy's,Secret Factory,1762,8113.0,4.748551707136694,17118.43,1859.278855029462,1528.5512274107366,-330.72762761872536,-0.36747514179858376,4.381076565338111,-402.4789864306078,402.4789864306078,17520.908986430608,70.25208956963328,True,1.0,0.7214882734180941,0.36747514179858376,402.4789864306078,1.0,0.5620167165570663,True,False
Wonka Bar - Milk Chocolate,Wicked Choccy's,The Other Factory,1762,8113.0,4.748551707136694,17118.43,1859.278855029462,1566.3694034160435,-292.90945161341847,-0.3254549462371316,4.423096760899562,-356.45615714094953,356.45615714094953,17474.88615714095,70.25208956963328,True,1.0,0.7214882734180941,0.3254549462371316,356.45615714094953,0.9387211085879834,0.5275769552114277,True,False
Wonka Bar - Milk Chocolate,Wicked Choccy's,Sugar Shack,1762,8113.0,4.748551707136694,17118.43,1859.278855029462,1865.8307245198457,6.551869490383751,0.0072798549893152795,4.755831562126009,7.973297576322506,-7.973297576322506,17110.45670242368,70.25208956963328,True,1.0,0.7214882734180941,-0.0072798549893152795,-7.973297576322506,0.453487294682103,0.2548674403575823,True,False
Wonka Bar - Nutty Crunch Surprise,Lot's O' Nuts,Secret Factory,1524,6671.0,4.553290361265177,16610.79,2133.890333942565,1496.1104309673085,-637.7799029752566,-0.708644336639174,3.8446460246260035,-638.1944599121905,638.1944599121905,17248.98445991219,69.88642105257512,True,1.0,0.7110406015021462,0.708644336639174,638.1944599121905,1.0,0.5590913684206009,True,False
Wonka Bar - Nutty Crunch Surprise,Lot's O' Nuts,The Other Factory,1524,6671.0,4.553290361265177,16610.79,2133.890333942565,1536.4078776557549,-597.4824562868102,-0.6638693958742337,3.8894209653909435,-597.8708198833966,597.8708198833966,17208.660819883396,69.88642105257512,True,1.0,0.7110406015021462,0.6638693958742337,597.8708198833966,0.8849918422806906,0.49479130014178,True,False
Wonka Bar - Nutty Crunch Surprise,Lot's O' Nuts,Sugar Shack,1524,6671.0,4.553290361265177,16610.79,2133.890333942565,1846.0157625659592,-287.8745713766059,-0.31986063486289545,4.2334297264022815,-288.0616898480007,288.0616898480007,16898.851689848,69.88642105257512,True,1.0,0.7110406015021462,0.31986063486289545,288.0616898480007,0.0013767404558021209,0.0007697237053944096,True,False
Wonka Bar - Scrumdiddlyumptious,Lot's O' Nuts,Secret Factory,1702,7673.0,4.581258959989574,19182.5,2150.0100958146586,1532.059165469326,-617.9509303453326,-0.6866121448281474,3.8946468151614266,-711.2306232809605,711.2306232809605,19893.73062328096,70.05026526548234,True,1.0,0.7157218647280671,0.6866121448281474,711.2306232809605,1.0,0.5604021221238588,True,False
Wonka Bar - Scrumdiddlyumptious,Lot's O' Nuts,The Other Factory,1702,7673.0,4.581258959989574,19182.5,2150.0100958146586,1560.8982603399752,-589.1118354746834,-0.6545687060829816,3.9266902539065924,-678.0382670395869,678.0382670395869,19860.53826703959,70.05026526548234,True,1.0,0.7157218647280671,0.6545687060829816,678.0382670395869,0.9165676262296748,0.5136464428091375,True,False
Wonka Bar - Scrumdiddlyumptious,Lot's O' Nuts,Wicked Choccy's,1702,7673.0,4.581258959989574,19182.5,2150.0100958146586,1848.6529117457403,-301.3571840689183,-0.33484131563213143,4.246417644357443,-346.8470510041215,346.8470510041215,19529.347051004122,90.05026526548234,False,1.0,0.7157218647280671,0.33484131563213143,346.8470510041215,0.08408471586380523,0.058901566510322675,True,False
Wonka Bar - Triple Dazzle Caramel,Wicked Choccy's,Secret Factory,1667,7436.0,4.5835126412049485,18218.2,1915.3018237353006,1544.5293091908757,-370.7725145444249,-0.41196946060491657,4.171543180600032,-413.5596627228515,413.5596627228515,18631.759662722852,70.0518338763513,True,1.0,0.7157666821814656,0.41196946060491657,413.5596627228515,1.0,0.5604146710108104,True,False
Wonka Bar - Triple Dazzle Caramel,Wicked Choccy's,The Other Factory,1667,7436.0,4.5835126412049485,18218.2,1915.3018237353006,1594.462446749093,-320.8393769862075,-0.3564881966513417,4.2270244445536065,-357.86424109041593,357.86424109041593,18576.06424109042,70.0518338763513,True,1.0,0.7157666821814656,0.3564881966513417,357.86424109041593,0.9079645750593526,0.5088366686213573,True,False
Wonka Bar - Triple Dazzle Caramel,Wicked Choccy's,Sugar Shack,1667,7436.0,4.5835126412049485,18218.2,1915.3018237353006,1860.8324403788313,-54.46938335646928,-0.060521537062743644,4.522991104142205,-60.75515019580583,60.75515019580583,18278.955150195805,70.0518338763513,True,1.0,0.7157666821814656,0.060521537062743644,60.75515019580583,0.4169985201710982,0.23369208849368078,True,False
Wonka Gum,Secret Factory,The Other Factory,118,478.0,4.307531380753138,310.7,1292.1532731999864,1270.7183350593311,-21.434938140655277,-0.023816597934061417,4.283714782819077,-1.5368850646849832,1.5368850646849832,312.236885064685,90.40018540376224,False,1.0,0.7257195829646352,0.023816597934061417,1.5368850646849832,1.0,0.9040018540376223,True,False
Wonka Gum,Secret Factory,Wicked Choccy's,118,478.0,4.307531380753138,310.7,1292.1532731999864,1376.8174009878776,84.66412778789118,0.09407125309765686,4.401602633850795,6.070417962391796,-6.070417962391796,304.6295820376082,70.40018540376224,True,1.0,0.7257195829646352,-0.09407125309765686,-6.070417962391796,0.9103323420543954,0.6583537000060676,True,False
Wonka Gum,Secret Factory,Sugar Shack,118,478.0,4.307531380753138,310.7,1292.1532731999864,1821.2254789331134,529.072205733127,0.5878580063701412,4.89538938712328,37.93447715106521,-37.93447715106521,272.7655228489348,70.40018540376224,True,1.0,0.7257195829646352,-0.5878580063701412,-37.93447715106521,0.534749096596855,0.3867313398148004,True,False
