current_factory,region,division,order_count,mean_lead,p90_lead,lead_std,mean_distance,mean_margin,cluster,cluster_label,problem_route,exposure,selected_k,silhouette_score
Lot's O' Nuts,Pacific,Chocolate,1522,4.53429203539823,7.0,1.8840010136628753,970.8771901081687,0.6917303318513635,1,Slow / high volume,True,3844.5028156879152,5,0.35097517125045474
Lot's O' Nuts,Atlantic,Chocolate,1372,4.499697519661222,7.0,1.8274954494863624,3313.3060269157927,0.6908735682260245,0,Slow / high volume,True,3465.609634115519,5,0.35097517125045474
Wicked Choccy's,Pacific,Chocolate,1119,4.633433283358321,7.0,1.8486930716562893,3462.4106989321194,0.6513035789797409,0,Slow / high volume,True,2826.543134530077,5,0.35097517125045474
Lot's O' Nuts,Interior,Chocolate,1113,4.645722937168811,7.0,1.736462429375476,1911.6599597180052,0.6923318995840464,1,Slow / high volume,True,2811.387407267181,5,0.35097517125045474
Wicked Choccy's,Atlantic,Chocolate,968,4.587248322147651,7.0,1.800486494219326,1134.0887625208727,0.6511374978489073,1,Slow / high volume,True,2445.1239984138647,5,0.35097517125045474
Wicked Choccy's,Interior,Chocolate,797,4.769883351007423,7.0,1.819645297780075,1402.0343008897487,0.6511754629251978,1,Slow / high volume,True,2013.1857714213327,5,0.35097517125045474
Lot's O' Nuts,Gulf,Chocolate,744,4.6,7.0,1.8412377900620487,2692.983693033386,0.6916828074893417,0,Slow / high volume,True,1879.310180599086,5,0.35097517125045474
Wicked Choccy's,Gulf,Chocolate,545,4.653030303030303,7.0,1.8077324805918762,601.7765956860749,0.6512696192696193,1,Slow / high volume,True,1376.6452263797069,5,0.35097517125045474
Secret Factory,Atlantic,Other,39,4.475,7.0,1.5849856425783444,1249.405138765691,0.5185000000000001,2,Slow / high volume,True,98.51222720882306,5,0.35097517125045474
The Other Factory,Atlantic,Other,25,4.423076923076923,7.0,1.9219381243542035,1468.3122913667123,0.07692307692307693,4,Fast / low volume,True,63.1488635953994,5,0.35097517125045474
Secret Factory,Gulf,Other,25,4.846153846153846,6.5,1.6417626550097355,1235.9388692134726,0.52,2,Slow / high volume,True,50.6488635953994,5,0.35097517125045474
The Other Factory,Pacific,Other,26,4.074074074074074,6.400000000000002,1.92005460511145,2643.994854293353,0.07692307692307693,4,Fast / low volume,True,50.074818139215424,5,0.35097517125045474
Secret Factory,Interior,Other,30,4.3,6.0,1.7250687142735843,751.9827580198925,0.5193333333333333,3,Fast / low volume,True,45.77863631447927,5,0.35097517125045474
Sugar Shack,Atlantic,Sugar,18,5.166666666666667,7.0,1.7904977947322853,1834.8275207174872,0.529927414852038,2,Slow / high volume,True,45.46718178868757,5,0.35097517125045474
Secret Factory,Pacific,Other,28,3.9285714285714284,6.0,1.7197883467659498,2312.3181873460517,0.52,3,Fast / low volume,True,42.72672722684732,5,0.35097517125045474
The Other Factory,Gulf,Other,14,3.7142857142857144,5.700000000000001,1.7728105208558367,795.5082060808587,0.07692307692307694,3,Fast / low volume,True,17.163363613423677,5,0.35097517125045474
Sugar Shack,Interior,Sugar,8,4.25,6.3,1.5811388300841898,1326.3578369174138,0.5112227805695142,3,Fast / low volume,False,14.607636350527805,5,0.35097517125045474
The Other Factory,Interior,Other,9,4.333333333333333,6.0,1.118033988749895,835.1144849017335,0.07692307692307693,2,Slow / high volume,False,13.733590894343783,5,0.35097517125045474
Sugar Shack,Gulf,Sugar,4,5.25,6.0,1.5,2308.143086413472,0.5615577889447236,2,Slow / high volume,False,6.103818175263903,5,0.35097517125045474
Sugar Shack,Pacific,Sugar,3,4.666666666666667,5.6,1.1547005383792517,2148.668114716295,0.5632607481853713,2,Slow / high volume,False,3.3778636314479265,5,0.35097517125045474
Secret Factory,Interior,Sugar,1,7.0,7.0,0.0,1371.0362101691148,0.8,2,Slow / high volume,False,2.525954543815976,5,0.35097517125045474
The Other Factory,Pacific,Sugar,2,4.5,5.7,2.1213203435596424,2306.0253963909477,0.7777777777777778,4,Fast / low volume,False,2.451909087631952,5,0.35097517125045474
The Other Factory,Atlantic,Sugar,1,5.0,5.0,0.0,1534.5172078040137,0.7777777777777778,2,Slow / high volume,False,0.5259545438159758,5,0.35097517125045474
Secret Factory,Gulf,Sugar,1,4.0,4.0,0.0,1341.0342507184384,0.8,2,Slow / high volume,False,0.0,5,0.35097517125045474
The Other Factory,Gulf,Sugar,1,1.0,1.0,0.0,858.333423548383,0.7777777777777778,3,Fast / low volume,False,0.0,5,0.35097517125045474
