iteration,lead_time_reduction_pct,profit_stability_pct,confidence,coverage_pct
0,0.0,0.0,0.0,0.0
1,0.0,0.0,0.0,0.0
2,26.535090552119776,100.0,67.02948101562362,26.666666666666668
3,0.0,0.0,0.0,0.0
4,24.58361517968872,100.0,67.02948101562362,26.666666666666668
5,0.0,0.0,0.0,0.0
6,0.0,0.0,0.0,0.0
7,0.0,0.0,0.0,0.0
8,0.0,0.0,0.0,0.0
9,0.0,0.0,0.0,0.0
10,0.0,0.0,0.0,0.0
11,0.0,0.0,0.0,0.0
12,0.0,0.0,0.0,0.0
13,0.0,0.0,0.0,0.0
14,23.263953300116967,100.0,67.02948101562362,26.666666666666668
15,0.0,0.0,0.0,0.0
16,0.0,0.0,0.0,0.0
17,0.0,0.0,0.0,0.0
18,24.487676525506057,100.0,67.02948101562362,26.666666666666668
19,21.46173655070049,100.0,58.162317757579494,6.666666666666667
20,0.0,0.0,0.0,0.0
21,0.0,0.0,0.0,0.0
22,0.0,0.0,0.0,0.0
23,0.0,0.0,0.0,0.0
24,0.0,0.0,0.0,0.0
25,22.54847015163349,100.0,58.162317757579494,6.666666666666667
26,0.0,0.0,0.0,0.0
27,0.0,0.0,0.0,0.0
28,0.0,0.0,0.0,0.0
29,23.97655335934111,100.0,67.02948101562362,26.666666666666668
30,0.0,0.0,0.0,0.0
31,0.0,0.0,0.0,0.0
32,0.0,0.0,0.0,0.0
33,0.0,0.0,0.0,0.0
34,31.126634963167092,100.0,65.89175005759247,33.33333333333333
35,21.94448935564523,100.0,58.162317757579494,6.666666666666667
36,0.0,0.0,0.0,0.0
37,28.94217667263058,100.0,65.89175005759247,33.33333333333333
38,0.0,0.0,0.0,0.0
39,0.0,0.0,0.0,0.0
40,0.0,0.0,0.0,0.0
41,0.0,0.0,0.0,0.0
42,31.83526670696784,100.0,65.89175005759247,33.33333333333333
43,0.0,0.0,0.0,0.0
44,22.935538583316003,100.0,67.02948101562362,26.666666666666668
45,23.358676508000727,100.0,67.02948101562362,26.666666666666668
46,0.0,0.0,0.0,0.0
47,0.0,0.0,0.0,0.0
48,0.0,0.0,0.0,0.0
49,25.13416460855676,100.0,67.02948101562362,26.666666666666668
50,0.0,0.0,0.0,0.0
51,20.066279605395895,100.0,58.162317757579494,6.666666666666667
52,0.0,0.0,0.0,0.0
53,0.0,0.0,0.0,0.0
54,26.39840185285681,100.0,67.02948101562362,26.666666666666668
55,0.0,0.0,0.0,0.0
56,0.0,0.0,0.0,0.0
57,22.23857796705133,100.0,67.02948101562362,26.666666666666668
58,0.0,0.0,0.0,0.0
59,0.0,0.0,0.0,0.0
60,0.0,0.0,0.0,0.0
61,27.153282414065277,100.0,67.02948101562362,26.666666666666668
62,30.230366270370045,100.0,65.89175005759247,33.33333333333333
63,0.0,0.0,0.0,0.0
64,25.97456316493737,100.0,67.02948101562362,26.666666666666668
65,22.511296981515205,100.0,67.02948101562362,26.666666666666668
66,0.0,0.0,0.0,0.0
67,0.0,0.0,0.0,0.0
68,0.0,0.0,0.0,0.0
69,0.0,0.0,0.0,0.0
70,0.0,0.0,0.0,0.0
71,0.0,0.0,0.0,0.0
72,0.0,0.0,0.0,0.0
73,0.0,0.0,0.0,0.0
74,0.0,0.0,0.0,0.0
75,0.0,0.0,0.0,0.0
76,23.953664881265194,100.0,67.02948101562362,26.666666666666668
77,25.67051751954622,100.0,67.02948101562362,26.666666666666668
78,0.0,0.0,0.0,0.0
79,0.0,0.0,0.0,0.0
80,25.71910258851992,100.0,67.02948101562362,26.666666666666668
81,21.335884914819854,100.0,58.162317757579494,6.666666666666667
82,0.0,0.0,0.0,0.0
83,0.0,0.0,0.0,0.0
84,0.0,0.0,0.0,0.0
85,0.0,0.0,0.0,0.0
86,20.403551691509534,100.0,58.162317757579494,6.666666666666667
87,22.781878174446447,100.0,67.02948101562362,26.666666666666668
88,0.0,0.0,0.0,0.0
89,0.0,0.0,0.0,0.0
90,0.0,0.0,0.0,0.0
91,0.0,0.0,0.0,0.0
92,0.0,0.0,0.0,0.0
93,0.0,0.0,0.0,0.0
94,0.0,0.0,0.0,0.0
95,0.0,0.0,0.0,0.0
96,24.87229089921691,100.0,67.02948101562362,26.666666666666668
97,23.312008183797523,100.0,67.02948101562362,26.666666666666668
98,0.0,0.0,0.0,0.0
99,22.038095852434665,100.0,64.02436940507731,13.333333333333334
100,0.0,0.0,0.0,0.0
101,0.0,0.0,0.0,0.0
102,32.63976975779922,100.0,65.89175005759247,33.33333333333333
103,24.38761530607689,100.0,67.02948101562362,26.666666666666668
104,24.922860399614695,100.0,67.02948101562362,26.666666666666668
105,0.0,0.0,0.0,0.0
106,22.55407654391139,100.0,58.162317757579494,6.666666666666667
107,0.0,0.0,0.0,0.0
108,24.427761443500685,100.0,67.02948101562362,26.666666666666668
109,0.0,0.0,0.0,0.0
110,0.0,0.0,0.0,0.0
111,0.0,0.0,0.0,0.0
112,0.0,0.0,0.0,0.0
113,31.644409637594794,100.0,65.89175005759247,33.33333333333333
114,0.0,0.0,0.0,0.0
115,23.94908788366587,100.0,67.02948101562362,26.666666666666668
116,0.0,0.0,0.0,0.0
117,0.0,0.0,0.0,0.0
118,0.0,0.0,0.0,0.0
119,32.2772352086484,100.0,65.89175005759247,33.33333333333333
120,0.0,0.0,0.0,0.0
121,21.24440213523822,100.0,58.162317757579494,6.666666666666667
122,0.0,0.0,0.0,0.0
123,0.0,0.0,0.0,0.0
124,0.0,0.0,0.0,0.0
125,0.0,0.0,0.0,0.0
126,0.0,0.0,0.0,0.0
127,21.094511644886822,100.0,58.162317757579494,6.666666666666667
128,0.0,0.0,0.0,0.0
129,28.344640755539963,100.0,65.89175005759247,33.33333333333333
130,23.657724773507077,100.0,67.02948101562362,26.666666666666668
131,0.0,0.0,0.0,0.0
132,0.0,0.0,0.0,0.0
133,0.0,0.0,0.0,0.0
134,25.275051866848962,100.0,67.02948101562362,26.666666666666668
135,29.158637464900238,100.0,65.89175005759247,33.33333333333333
136,29.310455191162248,100.0,65.89175005759247,33.33333333333333
137,0.0,0.0,0.0,0.0
138,0.0,0.0,0.0,0.0
139,0.0,0.0,0.0,0.0
140,30.081072010781686,100.0,65.89175005759247,33.33333333333333
141,21.0914586107479,100.0,58.162317757579494,6.666666666666667
142,0.0,0.0,0.0,0.0
143,29.626691565714967,100.0,65.89175005759247,33.33333333333333
144,0.0,0.0,0.0,0.0
145,0.0,0.0,0.0,0.0
146,0.0,0.0,0.0,0.0
147,0.0,0.0,0.0,0.0
148,0.0,0.0,0.0,0.0
149,0.0,0.0,0.0,0.0
150,0.0,0.0,0.0,0.0
151,0.0,0.0,0.0,0.0
152,0.0,0.0,0.0,0.0
153,0.0,0.0,0.0,0.0
154,20.046428797269094,100.0,58.162317757579494,6.666666666666667
155,0.0,0.0,0.0,0.0
156,21.247060070402675,100.0,58.162317757579494,6.666666666666667
157,0.0,0.0,0.0,0.0
158,0.0,0.0,0.0,0.0
159,0.0,0.0,0.0,0.0
160,0.0,0.0,0.0,0.0
161,0.0,0.0,0.0,0.0
162,0.0,0.0,0.0,0.0
163,0.0,0.0,0.0,0.0
164,0.0,0.0,0.0,0.0
165,0.0,0.0,0.0,0.0
166,0.0,0.0,0.0,0.0
167,24.372911591128346,100.0,67.02948101562362,26.666666666666668
168,26.478208707972517,100.0,67.02948101562362,26.666666666666668
169,27.150104701671996,100.0,67.02948101562362,26.666666666666668
170,24.098237229000848,100.0,67.02948101562362,26.666666666666668
171,0.0,0.0,0.0,0.0
172,0.0,0.0,0.0,0.0
173,0.0,0.0,0.0,0.0
174,0.0,0.0,0.0,0.0
175,0.0,0.0,0.0,0.0
176,0.0,0.0,0.0,0.0
177,0.0,0.0,0.0,0.0
178,0.0,0.0,0.0,0.0
179,0.0,0.0,0.0,0.0
180,0.0,0.0,0.0,0.0
181,25.18451454022203,100.0,67.02948101562362,26.666666666666668
182,0.0,0.0,0.0,0.0
183,0.0,0.0,0.0,0.0
184,0.0,0.0,0.0,0.0
185,0.0,0.0,0.0,0.0
186,0.0,0.0,0.0,0.0
187,23.106529356806774,100.0,67.02948101562362,26.666666666666668
188,0.0,0.0,0.0,0.0
189,0.0,0.0,0.0,0.0
190,0.0,0.0,0.0,0.0
191,0.0,0.0,0.0,0.0
192,0.0,0.0,0.0,0.0
193,0.0,0.0,0.0,0.0
194,25.107869831006564,100.0,67.02948101562362,26.666666666666668
195,0.0,0.0,0.0,0.0
196,0.0,0.0,0.0,0.0
197,32.794037207666435,100.0,65.89175005759247,33.33333333333333
198,0.0,0.0,0.0,0.0
199,0.0,0.0,0.0,0.0
200,0.0,0.0,0.0,0.0
201,0.0,0.0,0.0,0.0
202,0.0,0.0,0.0,0.0
203,0.0,0.0,0.0,0.0
204,25.79638596081973,100.0,67.02948101562362,26.666666666666668
205,0.0,0.0,0.0,0.0
206,26.769063282681632,100.0,67.02948101562362,26.666666666666668
207,31.282840890108798,100.0,65.89175005759247,33.33333333333333
208,23.814234495135032,100.0,67.02948101562362,26.666666666666668
209,22.620754855840644,100.0,58.162317757579494,6.666666666666667
210,0.0,0.0,0.0,0.0
211,33.45936501772794,100.0,65.89175005759247,33.33333333333333
212,0.0,0.0,0.0,0.0
213,21.024780492611235,100.0,58.162317757579494,6.666666666666667
214,29.021526602935303,100.0,65.89175005759247,33.33333333333333
215,0.0,0.0,0.0,0.0
216,0.0,0.0,0.0,0.0
217,30.34877335449463,100.0,65.89175005759247,33.33333333333333
218,24.754743136106107,100.0,67.02948101562362,26.666666666666668
219,0.0,0.0,0.0,0.0
220,0.0,0.0,0.0,0.0
221,0.0,0.0,0.0,0.0
222,19.903887435856156,100.0,58.162317757579494,6.666666666666667
223,0.0,0.0,0.0,0.0
224,29.225933653869816,100.0,65.89175005759247,33.33333333333333
225,30.171111750730727,100.0,65.89175005759247,33.33333333333333
226,0.0,0.0,0.0,0.0
227,26.68843390866532,100.0,67.02948101562362,26.666666666666668
228,0.0,0.0,0.0,0.0
229,0.0,0.0,0.0,0.0
230,0.0,0.0,0.0,0.0
231,0.0,0.0,0.0,0.0
232,0.0,0.0,0.0,0.0
233,0.0,0.0,0.0,0.0
234,23.546463942949917,100.0,67.02948101562362,26.666666666666668
235,0.0,0.0,0.0,0.0
236,25.06687237308885,100.0,67.02948101562362,26.666666666666668
237,19.665695518194042,100.0,58.162317757579494,6.666666666666667
238,0.0,0.0,0.0,0.0
239,0.0,0.0,0.0,0.0
240,0.0,0.0,0.0,0.0
241,0.0,0.0,0.0,0.0
242,30.684921835423918,100.0,65.89175005759247,33.33333333333333
243,0.0,0.0,0.0,0.0
244,0.0,0.0,0.0,0.0
245,0.0,0.0,0.0,0.0
246,0.0,0.0,0.0,0.0
247,0.0,0.0,0.0,0.0
248,0.0,0.0,0.0,0.0
249,0.0,0.0,0.0,0.0
250,0.0,0.0,0.0,0.0
251,0.0,0.0,0.0,0.0
252,0.0,0.0,0.0,0.0
253,0.0,0.0,0.0,0.0
254,0.0,0.0,0.0,0.0
255,27.982844247205573,100.0,67.02948101562362,26.666666666666668
256,29.145703357016107,100.0,65.89175005759247,33.33333333333333
257,0.0,0.0,0.0,0.0
258,0.0,0.0,0.0,0.0
259,32.56975171629934,100.0,65.89175005759247,33.33333333333333
260,0.0,0.0,0.0,0.0
261,23.29627766586599,100.0,67.02948101562362,26.666666666666668
262,25.041693515894302,100.0,67.02948101562362,26.666666666666668
263,0.0,0.0,0.0,0.0
264,0.0,0.0,0.0,0.0
265,0.0,0.0,0.0,0.0
266,0.0,0.0,0.0,0.0
267,32.944161614554915,100.0,65.89175005759247,33.33333333333333
268,0.0,0.0,0.0,0.0
269,22.722598482065077,100.0,67.02948101562362,26.666666666666668
270,0.0,0.0,0.0,0.0
271,0.0,0.0,0.0,0.0
272,23.885737316318288,100.0,67.02948101562362,26.666666666666668
273,0.0,0.0,0.0,0.0
274,0.0,0.0,0.0,0.0
275,0.0,0.0,0.0,0.0
276,22.257151276933055,100.0,66.03300135854566,20.0
277,29.987639122142358,100.0,65.89175005759247,33.33333333333333
278,0.0,0.0,0.0,0.0
279,0.0,0.0,0.0,0.0
280,27.17468160942977,100.0,67.02948101562362,26.666666666666668
281,0.0,0.0,0.0,0.0
282,0.0,0.0,0.0,0.0
283,0.0,0.0,0.0,0.0
284,0.0,0.0,0.0,0.0
285,0.0,0.0,0.0,0.0
286,0.0,0.0,0.0,0.0
287,0.0,0.0,0.0,0.0
288,0.0,0.0,0.0,0.0
289,0.0,0.0,0.0,0.0
290,0.0,0.0,0.0,0.0
291,25.881124593805914,100.0,67.02948101562362,26.666666666666668
292,0.0,0.0,0.0,0.0
293,22.206633209332132,100.0,67.02948101562362,26.666666666666668
294,22.24094044610378,100.0,64.02436940507731,13.333333333333334
295,0.0,0.0,0.0,0.0
296,0.0,0.0,0.0,0.0
297,33.27425223309636,100.0,65.89175005759247,33.33333333333333
298,0.0,0.0,0.0,0.0
299,0.0,0.0,0.0,0.0
