product,default_factory,choice_agreement_pct,distinct_factories
Everlasting Gobstopper,The Other Factory,100.0,1
Fizzy Lifting Drinks,Secret Factory,100.0,1
Fun Dip,Secret Factory,100.0,1
Hair Toffee,Lot's O' Nuts,100.0,1
Kazookles,Secret Factory,100.0,1
Laffy Taffy,The Other Factory,100.0,1
Lickable Wallpaper,The Other Factory,100.0,1
Nerds,Secret Factory,100.0,1
SweeTARTS,Secret Factory,100.0,1
Wonka Bar - Fudge Mallows,Secret Factory,100.0,1
Wonka Bar - Milk Chocolate,Secret Factory,100.0,1
Wonka Bar - Nutty Crunch Surprise,Secret Factory,100.0,1
Wonka Bar - Scrumdiddlyumptious,Secret Factory,100.0,1
Wonka Bar - Triple Dazzle Caramel,Secret Factory,100.0,1
Wonka Gum,The Other Factory,100.0,1
