speed_weight,actionable_count,actionable_products,products_with_top_factory_flip_vs_default,flip_count_vs_default,products_entering_actionable_vs_default,products_leaving_actionable_vs_default,matches_live_count_5
0.0,0,,,0,,,False
0.05,0,,,0,,,False
0.1,0,,,0,,,False
0.15,0,,,0,,,False
0.2,0,,,0,,,False
0.25,0,,,0,,,False
0.3,0,,,0,,,False
0.35,0,,,0,,,False
0.4,0,,,0,,,False
0.45,0,,,0,,,False
0.5,0,,,0,,,False
0.55,0,,,0,,,False
0.6,0,,,0,,,False
0.65,0,,,0,,,False
0.7,0,,,0,,,False
0.75,0,,,0,,,False
0.8,0,,,0,,,False
0.85,0,,,0,,,False
0.9,0,,,0,,,False
0.95,0,,,0,,,False
1.0,0,,,0,,,False
