product,current_factory,candidate_factory,orders,top_ranked_state_only,delta_distance_km,delta_lead_days,lead_gain,profit_impact,sufficient_evidence,materially_better,gate_result,score,min_orders_required,min_material_gain_days
Everlasting Gobstopper,Secret Factory,The Other Factory,2,True,-540.2209723786057,-0.6002455248651174,0.6002455248651174,0.567232020997536,False,False,both,0.4102375651004094,10,1.0
Everlasting Gobstopper,Secret Factory,Wicked Choccy's,2,False,-601.2931309787419,-0.6681034788652688,0.6681034788652688,0.631357787527679,False,False,both,0.3437840676148624,10,1.0
Everlasting Gobstopper,Secret Factory,Lot's O' Nuts,2,False,708.8110420680725,0.7875678245200806,-0.7875678245200806,-0.7442515941714761,False,False,both,0.009265273869370684,10,1.0
Everlasting Gobstopper,Secret Factory,Sugar Shack,2,False,745.0974157715461,0.8278860175239402,-0.8278860175239402,-0.7823522865601235,False,False,both,0.0,10,1.0
Fizzy Lifting Drinks,Sugar Shack,Secret Factory,6,True,-556.6505138254715,-0.6185005709171906,0.6185005709171906,1.7534491185502354,False,False,both,0.558400218581298,10,1.0
Fizzy Lifting Drinks,Sugar Shack,The Other Factory,6,False,-489.40203491008924,-0.5437800387889881,0.5437800387889881,1.5416164099667813,False,False,both,0.5301996899849636,10,1.0
Fizzy Lifting Drinks,Sugar Shack,Wicked Choccy's,6,False,-513.8815757092882,-0.5709795285658757,0.5709795285658757,1.6187269634842576,False,False,both,0.432372113087785,10,1.0
Fizzy Lifting Drinks,Sugar Shack,Lot's O' Nuts,6,False,774.9403177907257,0.8610447975452508,-0.8610447975452508,-2.4410620010407857,False,False,both,0.0,10,1.0
Fun Dip,Sugar Shack,Secret Factory,3,True,-673.6276428203025,-0.748475158689225,0.748475158689225,0.808353171384363,False,False,both,0.43439262685045515,10,1.0
Fun Dip,Sugar Shack,The Other Factory,3,False,-460.3651462125455,-0.5115168291250506,0.5115168291250506,0.5524381754550546,False,False,both,0.38794245655272974,10,1.0
Fun Dip,Sugar Shack,Wicked Choccy's,3,False,-338.0088619770456,-0.37556540219671736,0.37556540219671736,0.4056106343724547,False,False,both,0.2890338725671395,10,1.0
Fun Dip,Sugar Shack,Lot's O' Nuts,3,False,1320.7602252187162,1.467511361354129,-1.467511361354129,-1.5849122702624594,False,False,both,0.0,10,1.0
Hair Toffee,The Other Factory,Lot's O' Nuts,4,True,-315.8400514277655,-0.350933390475295,0.350933390475295,0.805392131140802,False,False,both,0.3665162118181444,10,1.0
Hair Toffee,The Other Factory,Secret Factory,4,False,-54.45704520742197,-0.06050782800824663,0.06050782800824663,0.13886546527892601,False,False,both,0.2838648024537704,10,1.0
Hair Toffee,The Other Factory,Sugar Shack,4,False,118.24757637823245,0.13138619597581383,-0.13138619597581383,-0.3015313197644927,False,False,both,0.16871178722986918,10,1.0
Hair Toffee,The Other Factory,Wicked Choccy's,4,False,371.2787741625025,0.4125319712916694,-0.4125319712916694,-0.9467608741143813,False,False,both,0.0,10,1.0
Kazookles,The Other Factory,Secret Factory,74,True,16.299401476049525,0.018110446084499472,-0.018110446084499472,-0.5549946202594863,True,False,materiality_only,0.8526599838215404,10,1.0
Kazookles,The Other Factory,Wicked Choccy's,74,False,281.85385481426647,0.3131709497936294,-0.3131709497936294,-9.597123756425772,True,False,materiality_only,0.241081392446473,10,1.0
Kazookles,The Other Factory,Sugar Shack,74,False,326.91744252253216,0.3632416028028135,-0.3632416028028135,-11.13153891789222,True,False,materiality_only,0.1662374512139742,10,1.0
Kazookles,The Other Factory,Lot's O' Nuts,74,False,427.00912449192856,0.47445458276880953,-0.47445458276880953,-14.539660688950166,True,False,materiality_only,0.0,10,1.0
Laffy Taffy,Sugar Shack,The Other Factory,10,True,-764.2343052418455,-0.849149228046495,0.849149228046495,3.0951489362294744,True,False,materiality_only,0.4875616282102886,10,1.0
Laffy Taffy,Sugar Shack,Wicked Choccy's,10,False,-1097.0879999721224,-1.2189866666356914,1.2189866666356914,4.443206399887095,True,True,actionable,0.465298542060636,10,1.0
Laffy Taffy,Sugar Shack,Secret Factory,10,False,-649.500268970902,-0.7216669655232244,0.7216669655232244,2.630476089332153,True,False,materiality_only,0.45513879082719044,10,1.0
Laffy Taffy,Sugar Shack,Lot's O' Nuts,10,False,961.0901281021879,1.0678779201135422,-1.0678779201135422,-3.892415018813861,True,False,materiality_only,0.0,10,1.0
Lickable Wallpaper,Secret Factory,The Other Factory,4,True,246.42768653473217,0.2738085405941469,-0.2738085405941469,-0.1478566119208393,False,False,both,0.4521123981059539,10,1.0
Lickable Wallpaper,Secret Factory,Wicked Choccy's,4,False,162.2664792986311,0.18029608810959014,-0.18029608810959014,-0.09735988757917867,False,False,both,0.37851181277167384,10,1.0
Lickable Wallpaper,Secret Factory,Sugar Shack,4,False,598.4988522169704,0.6649987246855227,-0.6649987246855227,-0.35909931133018225,False,False,both,0.2913189705733177,10,1.0
Lickable Wallpaper,Secret Factory,Lot's O' Nuts,4,False,2055.9896577147883,2.2844329530164313,-2.2844329530164313,-1.2335937946288729,False,False,both,0.0,10,1.0
Nerds,Sugar Shack,Secret Factory,4,True,-500.2181997027917,-0.5557979996697686,0.5557979996697686,0.7503272995541875,False,False,both,0.5332519426727056,10,1.0
Nerds,Sugar Shack,The Other Factory,4,False,-283.98011659230247,-0.31553346288033607,0.31553346288033607,0.4259701748884537,False,False,both,0.4777950529590171,10,1.0
Nerds,Sugar Shack,Wicked Choccy's,4,False,-555.8087256125034,-0.6175652506805593,0.6175652506805593,0.8337130884187551,False,False,both,0.4380070480091976,10,1.0
Nerds,Sugar Shack,Lot's O' Nuts,4,False,1579.0433400951865,1.7544926001057628,-1.7544926001057628,-2.3685650101427793,False,False,both,0.0,10,1.0
SweeTARTS,Sugar Shack,Secret Factory,10,True,-488.9457550948225,-0.5432730612164695,0.5432730612164695,3.0070163938331587,True,False,materiality_only,0.6134082622546788,10,1.0
SweeTARTS,Sugar Shack,The Other Factory,10,False,-447.9340723345533,-0.49770452481617034,0.49770452481617034,2.754794544857503,True,False,materiality_only,0.592389730151089,10,1.0
SweeTARTS,Sugar Shack,Wicked Choccy's,10,False,-285.8283273513091,-0.3175870303903434,0.3175870303903434,1.757844213210551,True,False,materiality_only,0.407448287365113,10,1.0
SweeTARTS,Sugar Shack,Lot's O' Nuts,10,False,707.9458703589007,0.7866065226210008,-0.7866065226210008,-4.353867102707239,True,False,materiality_only,0.0,10,1.0
Wonka Bar - Fudge Mallows,Lot's O' Nuts,Secret Factory,1525,True,-617.4919512392996,-0.6861021680436662,0.6861021680436662,635.2139702398675,True,False,materiality_only,0.5601513598948603,10,1.0
Wonka Bar - Fudge Mallows,Lot's O' Nuts,The Other Factory,1525,False,-562.113148366717,-0.6245701648519079,0.6245701648519079,578.2457957248417,True,False,materiality_only,0.4779121283900148,10,1.0
Wonka Bar - Fudge Mallows,Lot's O' Nuts,Sugar Shack,1525,False,-293.2652494107433,-0.3258502771230481,0.3258502771230481,301.68196206883164,True,False,materiality_only,0.07866470058442025,10,1.0
Wonka Bar - Fudge Mallows,Lot's O' Nuts,Wicked Choccy's,1525,False,-240.2934880386947,-0.2669927644874386,0.2669927644874386,247.18991114540523,True,False,materiality_only,0.0,10,1.0
Wonka Bar - Milk Chocolate,Wicked Choccy's,Secret Factory,1762,True,-379.81270719334157,-0.42201411910371284,0.42201411910371284,462.213074018937,True,False,materiality_only,0.5620167165570663,10,1.0
Wonka Bar - Milk Chocolate,Wicked Choccy's,The Other Factory,1762,False,-321.2387649530215,-0.35693196105891273,0.35693196105891273,390.93151500957947,True,False,materiality_only,0.5085378923131415,10,1.0
Wonka Bar - Milk Chocolate,Wicked Choccy's,Sugar Shack,1762,False,-66.95367716439523,-0.07439297462710581,0.07439297462710581,81.47927742521077,True,False,materiality_only,0.2763720691232868,10,1.0
Wonka Bar - Milk Chocolate,Wicked Choccy's,Lot's O' Nuts,1762,False,235.74934300352015,0.26194371444835574,-0.26194371444835574,-286.89516296813383,True,False,materiality_only,0.0,10,1.0
Wonka Bar - Nutty Crunch Surprise,Lot's O' Nuts,Secret Factory,1524,True,-637.9399775388351,-0.7088221972653723,0.7088221972653723,638.3546385242354,True,False,materiality_only,0.5590913684206009,10,1.0
Wonka Bar - Nutty Crunch Surprise,Lot's O' Nuts,The Other Factory,1524,False,-582.4577447246959,-0.6471752719163287,0.6471752719163287,582.8363422587669,True,False,materiality_only,0.4792171971597511,10,1.0
Wonka Bar - Nutty Crunch Surprise,Lot's O' Nuts,Sugar Shack,1524,False,-300.66002432889854,-0.3340666936987762,0.3340666936987762,300.8554533447123,True,False,materiality_only,0.07353130028512343,10,1.0
Wonka Bar - Nutty Crunch Surprise,Lot's O' Nuts,Wicked Choccy's,1524,False,-249.58367940855692,-0.27731519934284105,0.27731519934284105,249.74590880017246,True,False,materiality_only,0.0,10,1.0
Wonka Bar - Scrumdiddlyumptious,Lot's O' Nuts,Secret Factory,1702,True,-618.6604595994445,-0.6874005106660495,0.6874005106660495,712.0472559759805,True,False,materiality_only,0.5604021221238588,10,1.0
Wonka Bar - Scrumdiddlyumptious,Lot's O' Nuts,The Other Factory,1702,False,-571.7592611136013,-0.6352880679040014,0.6352880679040014,658.0663215786993,True,False,materiality_only,0.487756665149182,10,1.0
Wonka Bar - Scrumdiddlyumptious,Lot's O' Nuts,Sugar Shack,1702,False,-292.5333149104715,-0.3250370165671906,0.3250370165671906,336.6912187962072,True,False,materiality_only,0.055262462101564956,10,1.0
Wonka Bar - Scrumdiddlyumptious,Lot's O' Nuts,Wicked Choccy's,1702,False,-256.854886942906,-0.2853943188254511,0.2853943188254511,295.6271321269376,True,False,materiality_only,0.0,10,1.0
Wonka Bar - Triple Dazzle Caramel,Wicked Choccy's,Secret Factory,1667,True,-405.8447908700707,-0.4509386565223008,0.4509386565223008,452.6792797364769,True,False,materiality_only,0.5604146710108104,10,1.0
Wonka Bar - Triple Dazzle Caramel,Wicked Choccy's,The Other Factory,1667,False,-344.3347371123507,-0.38259415234705635,0.38259415234705635,384.07096577511595,True,False,materiality_only,0.4970268760872319,10,1.0
Wonka Bar - Triple Dazzle Caramel,Wicked Choccy's,Sugar Shack,1667,False,-104.16213096048568,-0.11573570106720632,0.11573570106720632,116.18244087332573,True,False,materiality_only,0.24952242803421615,10,1.0
Wonka Bar - Triple Dazzle Caramel,Wicked Choccy's,Lot's O' Nuts,1667,False,137.968676407801,0.15329852934200114,-0.15329852934200114,-153.89026166526125,True,False,materiality_only,0.0,10,1.0
Wonka Gum,Secret Factory,The Other Factory,118,True,7.566672050774969,0.008407413389749966,-0.008407413389749966,-0.5425303860405652,True,False,materiality_only,0.9040018540376223,10,1.0
Wonka Gum,Secret Factory,Wicked Choccy's,118,False,141.21485062876422,0.1569053895875158,-0.1569053895875158,-10.125104790082395,True,False,materiality_only,0.6408365406376264,10,1.0
Wonka Gum,Secret Factory,Sugar Shack,118,False,511.72553491613917,0.5685839276845991,-0.5685839276845991,-36.69072085348718,True,False,materiality_only,0.41249754218716106,10,1.0
Wonka Gum,Secret Factory,Lot's O' Nuts,118,False,1181.0581835647693,1.3122868706275215,-1.3122868706275215,-84.68187176159395,True,False,materiality_only,0.0,10,1.0
